 on't , on it 
 On't , on it 
1700-1,1700-1701
1701-2,1701-1702
1702-3,1702-1703
1703-4,1703-1704
1704-5,1704-1705
1705-6,1705-1706
1706-7,1706-1707
1707-8,1707-1708
1708-9,1708-1709
1709-10,1709-1710
1710-11,1710-1711
1711-12,1711-1712
a-bed,abed
A-bed,abed
a-breast,abreast
A-breast,abreast
a-field,afield
A-field,afield
a-foot,afoot
A-foot,afoot
a-ground,aground
A-ground,aground
a-head,ahead
A-head,ahead
a-kin,akin
A-kin,akin
a-lee,alee
A-lee,alee
a-long-side,alongside
A-long-side,alongside
a-longside,alongside
A-longside,alongside
a-piece,apiece
A-piece,apiece
a-stern,astern
A-stern,astern
a-wash,awash
A-wash,awash
ablebodied,able-bodied
Ablebodied,able-bodied
above-ground,aboveground
Above-ground,aboveground
above-mention'd,abovementioned
Above-mention'd,abovementioned
above-mentioned,abovementioned
Above-mentioned,abovementioned
abovemention'd,abovementioned
Abovemention'd,abovementioned
ac-the,ac the
Ac-the,ac the
ad-the,ad the
Ad-the,ad the
adjutantgeneral,adjutant-general
Adjutantgeneral,adjutant-general
afore-mention'd,aforementioned
Afore-mention'd,aforementioned
afore-mentioned,aforementioned
Afore-mentioned,aforementioned
aforemention'd,aforementioned
Aforemention'd,aforementioned
after-life,afterlife
After-life,afterlife
after-thought,afterthought
After-thought,afterthought
after-wards,afterwards
After-wards,afterwards
ag-ain,again
Ag-ain,again
ag-e,age
Ag-e,age
ah-lady,ah lady
Ah-lady,ah lady
ai-e,aie
Ai-e,aie
ai-my,aimy
Ai-my,aimy
aid-de-camp,aide-de-camp
Aid-de-camp,aide-de-camp
aid-decamp,aide-de-camp
Aid-decamp,aide-de-camp
aiddecamp,aide-de-camp
Aiddecamp,aide-de-camp
aidedecamp,aide-de-camp
Aidedecamp,aide-de-camp
aidesdecamp,aides-de-camp
Aidesdecamp,aides-de-camp
air-tight,airtight
Air-tight,airtight
Aixla-Chapelle,Aix-la-Chapelle
aixlachapelle,Aix-la-Chapelle
Aixlachapelle,Aix-la-chapelle
alamode,a-la-mode
Alamode,a-la-mode
ale-house,alehouse
Ale-house,alehouse
ale-houses,alehouses
Ale-houses,alehouses
alms-giving,almsgiving
Alms-giving,almsgiving
alms-house,almshouse
Alms-house,almshouse
alms-houses,almshouses
Alms-houses,almshouses
along-side,alongside
Along-side,alongside
altar-piece,altarpiece
Altar-piece,altarpiece
among-st,amongst
Among-st,amongst
an-the,an the
An-the,an the
and-the,and the
And-the,and the
angloindians,anglo-indians
Angloindians,anglo-indians
anglosaxon,anglo-saxon
Anglosaxon,anglo-saxon
anglosaxons,anglo-saxons
Anglosaxons,anglo-saxons
ant-hill,anthill
Ant-hill,anthill
ant-hills,anthills
Ant-hills,anthills
ante-chamber,antechamber
Ante-chamber,antechamber
ante-diluvian,antediluvian
Ante-diluvian,antediluvian
ante-room,anteroom
Ante-room,anteroom
anti-chamber,antechamber
Anti-chamber,antechamber
anti-christ,antichrist
Anti-christ,antichrist
anti-christian,antichristian
Anti-christian,antichristian
anti-jacobin,antijacobin
Anti-jacobin,antijacobin
anti-scorbutic,antiscorbutic
Anti-scorbutic,antiscorbutic
anti-slavery,antislavery
Anti-slavery,antislavery
antichamber,antechamber
Antichamber,antechamber
antipopulationists,anti-populationists
Antipopulationists,anti-populationists
any-body,anybody
Any-body,anybody
any-thing,anything
Any-thing,anything
any-where,anywhere
Any-where,anywhere
ao-e,aoe
Ao-e,aoe
ap-the,ap the
Ap-the,ap the
arch-way,archway
Arch-way,archway
arm-chair,armchair
Arm-chair,armchair
arm-chairs,armchairs
Arm-chairs,armchairs
armyplot,army-plot
Armyplot,army-plot
arrow-root,arrowroot
Arrow-root,arrowroot
artillery-men,artillerymen
Artillery-men,artillerymen
as-the,as the
As-the,as the
ash-burnham,ashburnham
Ash-burnham,ashburnham
attorneygeneral,attorney-general
Attorneygeneral,attorney-general
autodafe,auto-da-fe
Autodafe,auto-da-fe
awe-struck,awestruck
Awe-struck,awestruck
axle-tree,axletree
Axle-tree,axletree
axle-trees,axletrees
Axle-trees,axletrees
back-bone,backbone
Back-bone,backbone
back-ground,background
Back-ground,background
back-grounds,backgrounds
Back-grounds,backgrounds
back-side,backside
Back-side,backside
back-stairs,backstairs
Back-stairs,backstairs
back-woods,backwoods
Back-woods,backwoods
bald-head,baldhead
Bald-head,baldhead
ball-room,ballroom
Ball-room,ballroom
ball-rooms,ballrooms
Ball-rooms,ballrooms
bank-note,banknote
Bank-note,banknote
bank-notes,banknotes
Bank-notes,banknotes
bar-keeper,barkeeper
Bar-keeper,barkeeper
bar-room,barroom
Bar-room,barroom
bare-fac'd,barefaced
Bare-fac'd,barefaced
bare-faced,barefaced
Bare-faced,barefaced
bare-footed,barefooted
Bare-footed,barefooted
bare-headed,bareheaded
Bare-headed,bareheaded
bare-legged,barelegged
Bare-legged,barelegged
barefac'd,barefaced
Barefac'd,barefaced
barn-door,barndoor
Barn-door,barndoor
basket-work,basketwork
Basket-work,basketwork
basreliefs,bas-reliefs
Basreliefs,bas-reliefs
bassorelievos,basso-relievos
Bassorelievos,basso-relievos
battle-field,battlefield
Battle-field,battlefield
battle-ground,battleground
Battle-ground,battleground
battle-ship,battleship
Battle-ship,battleship
battleaxe,battle-axe
Battleaxe,battle-axe
bear-baiting,bearbaiting
Bear-baiting,bearbaiting
bed-chamber,bedchamber
Bed-chamber,bedchamber
bed-cloaths,bedclothes
Bed-cloaths,bedclothes
bed-clothes,bedclothes
Bed-clothes,bedclothes
bed-fellow,bedfellow
Bed-fellow,bedfellow
bed-rid,bedrid
Bed-rid,bedrid
bed-ridden,bedridden
Bed-ridden,bedridden
bed-room,bedroom
Bed-room,bedroom
bed-rooms,bedrooms
Bed-rooms,bedrooms
bed-side,bedside
Bed-side,bedside
bed-time,bedtime
Bed-time,bedtime
bedcloaths,bedclothes
Bedcloaths,bedclothes
bee-hive,beehive
Bee-hive,beehive
bee-hives,beehives
Bee-hives,beehives
beef-steak,beefsteak
Beef-steak,beefsteak
beef-steaks,beefsteaks
Beef-steaks,beefsteaks
bees-wax,beeswax
Bees-wax,beeswax
before-hand,beforehand
Before-hand,beforehand
behind-hand,behindhand
Behind-hand,behindhand
ben-bowie,benbowie
Ben-bowie,benbowie
Bergen-op-Zome,Bergen-op-Zoom
Bergenop-Zome,Bergen-op-Zoom
billetdoux,billet-doux
Billetdoux,billet-doux
bio-bio,biobio
Bio-bio,biobio
birth-day,birthday
Birth-day,birthday
birth-days,birthdays
Birth-days,birthdays
birth-place,birthplace
Birth-place,birthplace
birth-right,birthright
Birth-right,birthright
black-board,blackboard
Black-board,blackboard
black-friars,blackfriars
Black-friars,blackfriars
black-friers,blackfriars
Black-friers,blackfriars
black-fryars,blackfriars
Black-fryars,blackfriars
black-fryers,blackfriars
Black-fryers,blackfriars
blackfriers,blackfriars
Blackfriers,blackfriars
blackfryars,blackfriars
Blackfryars,blackfriars
blackfryers,blackfriars
Blackfryers,blackfriars
block-house,blockhouse
Block-house,blockhouse
blood-hound,bloodhound
Blood-hound,bloodhound
blood-hounds,bloodhounds
Blood-hounds,bloodhounds
blood-red,bloodred
Blood-red,bloodred
blood-shed,bloodshed
Blood-shed,bloodshed
blood-stain'd,bloodstained
Blood-stain'd,bloodstained
blood-stained,bloodstained
Blood-stained,bloodstained
blood-suckers,bloodsuckers
Blood-suckers,bloodsuckers
blood-thirsty,bloodthirsty
Blood-thirsty,bloodthirsty
bloodstain'd,bloodstained
Bloodstain'd,bloodstained
bloud-thirstie,bloodthirsty
Bloud-thirstie,bloodthirsty
bloudthirstie,bloodthirsty
Bloudthirstie,bloodthirsty
blow-fly,blowfly
Blow-fly,blowfly
blow-pipe,blowpipe
Blow-pipe,blowpipe
blue-bottle,bluebottle
Blue-bottle,bluebottle
blue-coat,bluecoat
Blue-coat,bluecoat
blue-stockings,bluestockings
Blue-stockings,bluestockings
bluid-red,bloodred
Bluid-red,bloodred
bluidred,bloodred
Bluidred,bloodred
boarding-house,boardinghouse
Boarding-house,boardinghouse
boarding-houses,boardinghouses
Boarding-houses,boardinghouses
boat-hook,boathook
Boat-hook,boathook
body-guard,bodyguard
Body-guard,bodyguard
Boisle-duc,Bois-le-Duc
boling-broke,bolingbroke
Boling-broke,bolingbroke
bonnetmaker,bonnet-maker
Bonnetmaker,bonnet-maker
bonton,bon-ton
Bonton,bon-ton
book-binder,bookbinder
Book-binder,bookbinder
book-binders,bookbinders
Book-binders,bookbinders
book-binding,bookbinding
Book-binding,bookbinding
book-case,bookcase
Book-case,bookcase
book-cases,bookcases
Book-cases,bookcases
book-keeper,bookkeeper
Book-keeper,bookkeeper
book-keeping,bookkeeping
Book-keeping,bookkeeping
book-shelves,bookshelves
Book-shelves,bookshelves
book-stall,bookstall
Book-stall,bookstall
book-worm,bookworm
Book-worm,bookworm
bow-ever,bowever
Bow-ever,bowever
bow-shot,bowshot
Bow-shot,bowshot
bow-string,bowstring
Bow-string,bowstring
bowstreet,bow-street
Bowstreet,bow-street
box-hill,boxhill
Box-hill,boxhill
box-wood,boxwood
Box-wood,boxwood
bread-fruit,breadfruit
Bread-fruit,breadfruit
breast-bone,breastbone
Breast-bone,breastbone
breast-plate,breastplate
Breast-plate,breastplate
breast-plates,breastplates
Breast-plates,breastplates
breast-work,breastwork
Breast-work,breastwork
breast-works,breastworks
Breast-works,breastworks
breasthigh,breast-high
Breasthigh,breast-high
brest-work,breastwork
Brest-work,breastwork
brestwork,breastwork
Brestwork,breastwork
brick-work,brickwork
Brick-work,brickwork
brigadiergeneral,brigadier-general
Brigadiergeneral,brigadier-general
broad-cloath,broadcloth
Broad-cloath,broadcloth
broad-cloth,broadcloth
Broad-cloth,broadcloth
broad-sword,broadsword
Broad-sword,broadsword
broadcloath,broadcloth
Broadcloath,broadcloth
broken-hearted,brokenhearted
Broken-hearted,brokenhearted
broom-field,broomfield
Broom-field,broomfield
brotherinlaw,brother-in-law
Brotherinlaw,brother-in-law
brough-ton,broughton
Brough-ton,broughton
brush-wood,brushwood
Brush-wood,brushwood
buck-land,buckland
Buck-land,buckland
bucking-ham,buckingham
Bucking-ham,buckingham
bull-baiting,bullbaiting
Bull-baiting,bullbaiting
bull-dog,bulldog
Bull-dog,bulldog
bull-dogs,bulldogs
Bull-dogs,bulldogs
burgessship,burgess-ship
Burgessship,burgess-ship
Burgh-Master,burgomaster
business-like,businesslike
Business-like,businesslike
butter-fly,butterfly
Butter-fly,butterfly
button-hole,buttonhole
Button-hole,buttonhole
by-gone,bygone
By-gone,bygone
by-law,bylaw
By-law,bylaw
by-laws,bylaws
By-laws,bylaws
by-stander,bystander
By-stander,bystander
by-way,byway
By-way,byway
by-ways,byways
By-ways,byways
by-word,byword
By-word,byword
bye-laws,bylaws
Bye-laws,bylaws
bye-way,byway
Bye-way,byway
bye-ways,byways
Bye-ways,byways
byelaw,bye-law
Byelaw,bye-law
byelaws,bylaws
Byelaws,bylaws
byeway,byway
Byeway,byway
byeways,byways
Byeways,byways
bythebye,by-the-bye
Bythebye,by-the-bye
cabinet-maker,cabinetmaker
Cabinet-maker,cabinetmaker
candle-light,candlelight
Candle-light,candlelight
cannon-ball,cannonball
Cannon-ball,cannonball
cannon-balls,cannonballs
Cannon-balls,cannonballs
cannon-fhot,cannon-shot
Cannon-fhot,cannon-shot
cannon-ihot,cannon-shot
Cannon-ihot,cannon-shot
cannon-shot,cannon-shot
Cannon-shot,cannon-shot
captaingeneral,captain-general
Captaingeneral,captain-general
care-worn,careworn
Care-worn,careworn
carriage-way,carriageway
Carriage-way,carriageway
cart-horse,carthorse
Cart-horse,carthorse
cart-load,cartload
Cart-load,cartload
cart-loads,cartloads
Cart-loads,cartloads
cast-away,castaway
Cast-away,castaway
castoff,cast-off
Castoff,cast-off
cat-fish,catfish
Cat-fish,catfish
chain-fhot,chain-shot
Chain-fhot,chain-shot
champdears,champ-dears
Champdears,champ-dears
chap-,chap
Chap-,chap
chapter-house,chapterhouse
Chapter-house,chapterhouse
char-ville,charville
Char-ville,charville
charles-town,charlestown
Charles-town,charlestown
charter-house,charterhouse
Charter-house,charterhouse
chateau-vieux,chateauvieux
Chateau-vieux,chateauvieux
cheek-bones,cheekbones
Cheek-bones,cheekbones
chefd'oeuvre,chef-d'oeuvre
Chefd'oeuvre,chef-d'oeuvre
chess-board,chessboard
Chess-board,chessboard
chess-men,chessmen
Chess-men,chessmen
chiar-oscuro,chiaroscuro
Chiar-oscuro,chiaroscuro
chiaro-scuro,chiaroscuro
Chiaro-scuro,chiaroscuro
child-bearing,childbearing
Child-bearing,childbearing
child-bed,childbed
Child-bed,childbed
child-birth,childbirth
Child-birth,childbirth
child-like,childlike
Child-like,childlike
chimneypiece,chimney-piece
Chimneypiece,chimney-piece
chin-ch,chinch
Chin-ch,chinch
chitchat,chit-chat
Chitchat,chit-chat
christ-church,christchurch
Christ-church,christchurch
christ's-church,christchurch
Christ's-church,christchurch
christ'schurch,christchurch
Christ'schurch,christchurch
church-wardens,churchwardens
Church-wardens,churchwardens
church-yard,churchyard
Church-yard,churchyard
church-yarde,churchyard
Church-yarde,churchyard
church-yards,churchyards
Church-yards,churchyards
churchyarde,churchyard
Churchyarde,churchyard
cidevant,ci-devant
Cidevant,ci-devant
cirro-stratus,cirrostratus
Cirro-stratus,cirrostratus
civilwar,civil-war
Civilwar,civil-war
clark-son,clarkson
Clark-son,clarkson
class-room,classroom
Class-room,classroom
clayslate,clay-slate
Clayslate,clay-slate
clock-work,clockwork
Clock-work,clockwork
club-house,clubhouse
Club-house,clubhouse
co-exist,coexist
Co-exist,coexist
co-existence,coexistence
Co-existence,coexistence
co-existent,coexistent
Co-existent,coexistent
co-existing,coexisting
Co-existing,coexisting
co-extensive,coextensive
Co-extensive,coextensive
co-heir,coheir
Co-heir,coheir
co-heiress,coheiress
Co-heiress,coheiress
co-operate,cooperate
Co-operate,cooperate
co-operated,cooperated
Co-operated,cooperated
co-operating,cooperating
Co-operating,cooperating
co-operation,cooperation
Co-operation,cooperation
co-ordinate,coordinate
Co-ordinate,coordinate
co-ordinates,coordinates
Co-ordinates,coordinates
co-partner,copartner
Co-partner,copartner
co-partnership,copartnership
Co-partnership,copartnership
coal-field,coalfield
Coal-field,coalfield
coal-fields,coalfields
Coal-fields,coalfields
coal-heaver,coalheaver
Coal-heaver,coalheaver
Coal-pit,coal-pit
coast-line,coastline
Coast-line,coastline
cochin-china,cochinchina
Cochin-china,cochinchina
cock-fighting,cockfighting
Cock-fighting,cockfighting
cock-pit,cockpit
Cock-pit,cockpit
cock-roach,cockroach
Cock-roach,cockroach
cock-roaches,cockroaches
Cock-roaches,cockroaches
cockle-shell,cockleshell
Cockle-shell,cockleshell
coco-nut,coconut
Coco-nut,coconut
coco-nuts,coconuts
Coco-nuts,coconuts
cocoa-nut,coconut
Cocoa-nut,coconut
cocoa-nuts,coconuts
Cocoa-nuts,coconuts
cocoanut,coconut
Cocoanut,coconut
cocoanuts,coconuts
Cocoanuts,coconuts
cod-fish,codfish
Cod-fish,codfish
coffee-house,coffeehouse
Coffee-house,coffeehouse
coffee-houses,coffeehouses
Coffee-houses,coffeehouses
col-man,colman
Col-man,colman
cold-hearted,coldhearted
Cold-hearted,coldhearted
coldblooded,cold-blooded
Coldblooded,cold-blooded
collar-bone,collarbone
Collar-bone,collarbone
commanderinchief,commander-in-chief
Commanderinchief,commander-in-chief
common-place,commonplace
Common-place,commonplace
common-places,commonplaces
Common-places,commonplaces
common-wealth,commonwealth
Common-wealth,commonwealth
commonlaw,common-law
Commonlaw,common-law
commonsense,common-sense
Commonsense,common-sense
compting-houses,counting-houses
Compting-houses,counting-houses
comptinghouses,counting-houses
Comptinghouses,counting-houses
conchap,con-chap
Conchap,con-chap
consulgeneral,consul-general
Consulgeneral,consul-general
contra-distinguished,contradistinguished
Contra-distinguished,contradistinguished
cony-beare,conybeare
Cony-beare,conybeare
copper-plate,copperplate
Copper-plate,copperplate
copper-plates,copperplates
Copper-plates,copperplates
cork-screw,corkscrew
Cork-screw,corkscrew
corn-field,cornfield
Corn-field,cornfield
corn-fields,cornfields
Corn-fields,cornfields
corner-stone,cornerstone
Corner-stone,cornerstone
Counter-Battery,counterbattery
counter-current,countercurrent
Counter-current,countercurrent
counter-guard,counterguard
Counter-guard,counterguard
Counter-Guard,counterguard
counter-mine,countermine
Counter-mine,countermine
Counter-Mine,countermine
countinghouse,counting-house
Countinghouse,counting-house
countinghouses,counting-houses
Countinghouses,counting-houses
country-seat,countryseat
Country-seat,countryseat
cour-tableau,courtableau
Cour-tableau,courtableau
court-house,courthouse
Court-house,courthouse
court-room,courtroom
Court-room,courtroom
court-yard,courtyard
Court-yard,courtyard
court-yards,courtyards
Court-yards,courtyards
courtmartial,court-martial
Courtmartial,court-martial
courts-martial,court-martial
Courts-martial,court-martial
courtsmartial,court-martial
Courtsmartial,court-martial
coventgarden,covent-garden
Coventgarden,covent-garden
cow-pox,cowpox
Cow-pox,cowpox
craw-fish,crawfish
Craw-fish,crawfish
cray-fish,crayfish
Cray-fish,crayfish
crest-fallen,crestfallen
Crest-fallen,crestfallen
cross-bow,crossbow
Cross-bow,crossbow
cross-bows,crossbows
Cross-bows,crossbows
cross-road,crossroad
Cross-road,crossroad
cross-roads,crossroads
Cross-roads,crossroads
cross-way,crossway
Cross-way,crossway
crossexamination,cross-examination
Crossexamination,cross-examination
crossexamined,cross-examined
Crossexamined,cross-examined
cup-bearer,cupbearer
Cup-bearer,cupbearer
custom-house,customhouse
Custom-house,customhouse
custom-houses,customhouses
Custom-houses,customhouses
cut-throat,cutthroat
Cut-throat,cutthroat
cut-throats,cutthroats
Cut-throats,cutthroats
cuttle-fish,cuttlefish
Cuttle-fish,cuttlefish
dairy-maid,dairymaid
Dairy-maid,dairymaid
day-break,daybreak
Day-break,daybreak
day-light,daylight
Day-light,daylight
day-spring,dayspring
Day-spring,dayspring
day-time,daytime
Day-time,daytime
de-cameron,decameron
De-cameron,decameron
death-bed,deathbed
Death-bed,deathbed
death-blow,deathblow
Death-blow,deathblow
death-like,deathlike
Death-like,deathlike
deer-skin,deerskin
Deer-skin,deerskin
deer-skins,deerskins
Deer-skins,deerskins
demi-gods,demigods
Demi-gods,demigods
demy-gods,demigods
Demy-gods,demigods
demygods,demigods
Demygods,demigods
des-borough,desborough
Des-borough,desborough
dew-drop,dewdrop
Dew-drop,dewdrop
dew-drops,dewdrops
Dew-drops,dewdrops
di-y,diy
Di-y,diy
dining-room,diningroom
Dining-room,diningroom
dock-yard,dockyard
Dock-yard,dockyard
dock-yards,dockyards
Dock-yards,dockyards
dog-fish,dogfish
Dog-fish,dogfish
door-keeper,doorkeeper
Door-keeper,doorkeeper
door-keepers,doorkeepers
Door-keepers,doorkeepers
door-posts,doorposts
Door-posts,doorposts
door-way,doorway
Door-way,doorway
door-ways,doorways
Door-ways,doorways
dorset-shire,dorsetshire
Dorset-shire,dorsetshire
dove-cot,dovecot
Dove-cot,dovecot
dove-like,dovelike
Dove-like,dovelike
dove-tailed,dovetailed
Dove-tailed,dovetailed
down-hill,downhill
Down-hill,downhill
down-stairs,downstairs
Down-stairs,downstairs
dragon-flies,dragonflies
Dragon-flies,dragonflies
draw-back,drawback
Draw-back,drawback
draw-bridge,drawbridge
Draw-bridge,drawbridge
Draw-Bridge,drawbridge
draw-bridges,drawbridges
Draw-bridges,drawbridges
drawingroom,drawing-room
Drawingroom,drawing-room
dream-like,dreamlike
Dream-like,dreamlike
dressingroom,dressing-room
Dressingroom,dressing-room
drift-wood,driftwood
Drift-wood,driftwood
drurylane,drury-lane
Drurylane,drury-lane
dumfries-shire,dumfriesshire
Dumfries-shire,dumfriesshire
dun-combe,duncombe
Dun-combe,duncombe
ear-ring,earring
Ear-ring,earring
ear-rings,earrings
Ear-rings,earrings
earth-born,earthborn
Earth-born,earthborn
Earth-work,earthwork
Earth-Work,earthwork
earth-worm,earthworm
Earth-worm,earthworm
earth-worms,earthworms
Earth-worms,earthworms
earthen-ware,earthenware
Earthen-ware,earthenware
east-bourne,eastbourne
East-bourne,eastbourne
eastindia,east-india
Eastindia,east-india
eastindies,east-indies
Eastindies,east-indies
ebbtide,ebb-tide
Ebbtide,ebb-tide
edge-hill,edgehill
Edge-hill,edgehill
eg-g-s,eggs
Eg-g-s,eggs
eg-gs,eggs
Eg-gs,eggs
egg-s,eggs
Egg-s,eggs
egg-shell,eggshell
Egg-shell,eggshell
egg-shells,eggshells
Egg-shells,eggshells
eightyfive,eighty-five
Eightyfive,eighty-five
eightyfour,eighty-four
Eightyfour,eighty-four
eightyseven,eighty-seven
Eightyseven,eighty-seven
eightythree,eighty-three
Eightythree,eighty-three
eightytwo,eighty-two
Eightytwo,eighty-two
elefthero-khori,eleftherokhori
Elefthero-khori,eleftherokhori
ellen-borough,ellenborough
Ellen-borough,ellenborough
en-field,enfield
En-field,enfield
equi-distant,equidistant
Equi-distant,equidistant
ev'ry-where,everywhere
Ev'ry-where,everywhere
ev'rywhere,everywhere
Ev'rywhere,everywhere
evei-y,eveiy
Evei-y,eveiy
ever-green,evergreen
Ever-green,evergreen
every-body,everybody
Every-body,everybody
every-day,everyday
Every-day,everyday
every-thing,everything
Every-thing,everything
every-where,everywhere
Every-where,everywhere
evil-doers,evildoers
Evil-doers,evildoers
ex-officio,exofficio
Ex-officio,exofficio
ex-temporal,extemporal
Ex-temporal,extemporal
extra-judicial,extrajudicial
Extra-judicial,extrajudicial
extraregarding,extra-regarding
Extraregarding,extra-regarding
eye-ball,eyeball
Eye-ball,eyeball
eye-balls,eyeballs
Eye-balls,eyeballs
eye-brows,eyebrows
Eye-brows,eyebrows
eye-glass,eyeglass
Eye-glass,eyeglass
eye-glasses,eyeglasses
Eye-glasses,eyeglasses
eye-lashes,eyelashes
Eye-lashes,eyelashes
eye-lid,eyelid
Eye-lid,eyelid
eye-lids,eyelids
Eye-lids,eyelids
eye-sight,eyesight
Eye-sight,eyesight
eye-witnefs,eyewitness
Eye-witnefs,eyewitness
Eye-Witnefs,eyewitness
eye-witness,eyewitness
Eye-Witness,eyewitness
eye-witnesses,eyewitnesses
Eye-witnesses,eyewitnesses
Eye-Witnesses,eyewitnesses
f-^-,f^
F-^-,f^
fac-simile,facsimile
Fac-simile,facsimile
fac-similes,facsimiles
Fac-similes,facsimiles
fairy-land,fairyland
Fairy-land,fairyland
fairy-lond,fairyland
Fairy-lond,fairyland
fairylond,fairyland
Fairylond,fairyland
fan-like,fanlike
Fan-like,fanlike
far-fam'd,far-famed
Far-fam'd,far-famed
far-fetch'd,farfetched
Far-fetch'd,farfetched
far-fetched,farfetched
Far-fetched,farfetched
far-fetcht,farfetched
Far-fetcht,farfetched
far-sighted,farsighted
Far-sighted,farsighted
farfam'd,far-famed
Farfam'd,far-famed
farfamed,far-famed
Farfamed,far-famed
farfetch'd,farfetched
Farfetch'd,farfetched
farfetcht,farfetched
Farfetcht,farfetched
farm-house,farmhouse
Farm-house,farmhouse
farm-houses,farmhouses
Farm-houses,farmhouses
farm-yard,farmyard
Farm-yard,farmyard
father-land,fatherland
Father-land,fatherland
fatherin-law,father-in-law
Fatherin-law,father-in-law
fatherinlaw,father-in-law
Fatherinlaw,father-in-law
fee-farme,fee-farm
Fee-farme,fee-farm
feefarm,fee-farm
Feefarm,fee-farm
feefarme,fee-farm
Feefarme,fee-farm
fellow-man,fellowman
Fellow-man,fellowman
fellow-men,fellowmen
Fellow-men,fellowmen
fellowcreature,fellow-creature
Fellowcreature,fellow-creature
fellowcreatures,fellow-creatures
Fellowcreatures,fellow-creatures
fellowfeeling,fellow-feeling
Fellowfeeling,fellow-feeling
fellowsubjects,fellow-subjects
Fellowsubjects,fellow-subjects
fellowtravellers,fellow-travellers
Fellowtravellers,fellow-travellers
ferry-boat,ferryboat
Ferry-boat,ferryboat
feu-de-joye,feu-de-joie
Feu-dejoye,feu-de-joie
feux-dejoye,feu-de-joie
Feux-dejoye,feu-de-joie
fi-end,fiend
Fi-end,fiend
field-mice,fieldmice
Field-mice,fieldmice
field-mouse,fieldmouse
Field-mouse,fieldmouse
fiend-like,fiendlike
Fiend-like,fiendlike
fiftyeight,fifty-eight
Fiftyeight,fifty-eight
fiftyfive,fifty-five
Fiftyfive,fifty-five
fiftyfour,fifty-four
Fiftyfour,fifty-four
fiftynine,fifty-nine
Fiftynine,fifty-nine
fiftyninth,fifty-ninth
Fiftyninth,fifty-ninth
fiftyone,fifty-one
Fiftyone,fifty-one
fiftyseven,fifty-seven
Fiftyseven,fifty-seven
fiftysix,fifty-six
Fiftysix,fifty-six
fiftythree,fifty-three
Fiftythree,fifty-three
fiftytwo,fifty-two
Fiftytwo,fifty-two
fig-,fig
Fig-,fig
fileclosers,file-closers
Fileclosers,file-closers
fine-spun,finespun
Fine-spun,finespun
finegrained,fine-grained
Finegrained,fine-grained
finger-post,fingerpost
Finger-post,fingerpost
fiom,fi-om
Fiom,fi-om
fire-arms,firearms
Fire-arms,firearms
Fire-Arms,firearms
Fire-armes,firearms
Fire-Armes,firearms
fire-balls,fireballs
Fire-balls,fireballs
fire-flies,fireflies
Fire-flies,fireflies
fire-fly,firefly
Fire-fly,firefly
fire-light,firelight
Fire-light,firelight
fire-place,fireplace
Fire-place,fireplace
fire-places,fireplaces
Fire-places,fireplaces
fire-power,firepower
Fire-power,firepower
fire-proof,fireproof
Fire-proof,fireproof
fire-ship,fireship
Fire-ship,fireship
fire-side,fireside
Fire-side,fireside
fire-sides,firesides
Fire-sides,firesides
fire-wood,firewood
Fire-wood,firewood
fire-works,fireworks
Fire-works,fireworks
first-born,firstborn
First-born,firstborn
first-fruits,firstfruits
First-fruits,firstfruits
firstrate,first-rate
Firstrate,first-rate
fish-hook,fishhook
Fish-hook,fishhook
fish-hooks,fishhooks
Fish-hooks,fishhooks
fish-kill,fishkill
Fish-kill,fishkill
fish-pond,fishpond
Fish-pond,fishpond
fish-ponds,fishponds
Fish-ponds,fishponds
fitsroy,fits-roy
Fitsroy,fits-roy
fitzjohn,fitz-john
Fitzjohn,fitz-john
five-fold,fivefold
Five-fold,fivefold
flag-ship,flagship
Flag-ship,flagship
flag-staff,flagstaff
Flag-staff,flagstaff
flag-stones,flagstones
Flag-stones,flagstones
flat-bottom'd,flat-bottomed
Flat-bottom'd,flat-bottomed
flatbottom'd,flat-bottomed
Flatbottom'd,flat-bottomed
flatbottomed,flat-bottomed
Flatbottomed,flat-bottomed
flattopped,flat-topped
Flattopped,flat-topped
fleetstreet,fleet-street
Fleetstreet,fleet-street
flesh-pots,fleshpots
Flesh-pots,fleshpots
fleurdelys,fleur-de-lys
Fleurdelys,fleur-de-lys
fleurs-de-lis,fleur-de-lys
Fleurs-de-lis,fleur-de-lys
fleursdelis,fleur-de-lys
Fleursdelis,fleur-de-lys
flood-gates,floodgates
Flood-gates,floodgates
floodtide,flood-tide
Floodtide,flood-tide
flower-pot,flowerpot
Flower-pot,flowerpot
flower-pots,flowerpots
Flower-pots,flowerpots
fly-wheel,flywheel
Fly-wheel,flywheel
Flying-camp,flying-camp
Flying-Camp,flying-camp
fool-hardiness,foolhardiness
Fool-hardiness,foolhardiness
foot-ball,football
Foot-ball,football
foot-board,footboard
Foot-board,footboard
foot-path,footpath
Foot-path,footpath
foot-paths,footpaths
Foot-paths,footpaths
foot-prints,footprints
Foot-prints,footprints
foot-stalk,footstalk
Foot-stalk,footstalk
foot-stalks,footstalks
Foot-stalks,footstalks
foot-stool,footstool
Foot-stool,footstool
fore-arm,forearm
Fore-arm,forearm
fore-feet,forefeet
Fore-feet,forefeet
fore-finger,forefinger
Fore-finger,forefinger
fore-fingers,forefingers
Fore-fingers,forefingers
fore-foot,forefoot
Fore-foot,forefoot
fore-ground,foreground
Fore-ground,foreground
fore-leg,foreleg
Fore-leg,foreleg
fore-legs,forelegs
Fore-legs,forelegs
fore-mast,foremast
Fore-mast,foremast
fore-part,forepart
Fore-part,forepart
fore-sail,foresail
Fore-sail,foresail
fore-top,foretop
Fore-top,foretop
fortune-teller,fortuneteller
Fortune-teller,fortuneteller
fortune-telling,fortunetelling
Fortune-telling,fortunetelling
forty-five,fortyfive
Forty-five,fortyfive
fortyeight,forty-eight
Fortyeight,forty-eight
fortyfour,forty-four
Fortyfour,forty-four
fortynine,forty-nine
Fortynine,forty-nine
fortyone,forty-one
Fortyone,forty-one
fortyseven,forty-seven
Fortyseven,forty-seven
fortysix,forty-six
Fortysix,forty-six
fortythree,forty-three
Fortythree,forty-three
fortytwo,forty-two
Fortytwo,forty-two
fountain-head,fountainhead
Fountain-head,fountainhead
four-fold,fourfold
Four-fold,fourfold
four-pence,fourpence
Four-pence,fourpence
four-score,fourscore
Four-score,fourscore
fourfifths,four-fifths
Fourfifths,four-fifths
foursided,four-sided
Foursided,four-sided
fox-glove,foxglove
Fox-glove,foxglove
frame-work,framework
Frame-work,framework
frank-land,frankland
Frank-land,frankland
frank-pledge,frankpledge
Frank-pledge,frankpledge
free-born,freeborn
Free-born,freeborn
free-masonry,freemasonry
Free-masonry,freemasonry
free-masons,freemasons
Free-masons,freemasons
free-stone,freestone
Free-stone,freestone
free-thinkers,freethinkers
Free-thinkers,freethinkers
free-will,freewill
Free-will,freewill
fresh-water,freshwater
Fresh-water,freshwater
fret-work,fretwork
Fret-work,fretwork
frost-bitten,frostbitten
Frost-bitten,frostbitten
Frosty-weather,frosty weather
full-grown,fullgrown
Full-grown,fullgrown
g-ig,gig
G-ig,gig
g-ive,give
G-ive,give
g-reen-house,greenhouse
G-reen-house,greenhouse
gall-bladder,gallbladder
Gall-bladder,gallbladder
gall-way,gallway
Gall-way,gallway
game-cock,gamecock
Game-cock,gamecock
gardesducorps,gardes-du-corps
Gardesducorps,gardes-du-corps
gate-house,gatehouse
Gate-house,gatehouse
gate-way,gateway
Gate-way,gateway
gaylussac,gay-lussac
Gaylussac,gay-lussac
gentleman-like,gentlemanlike
Gentleman-like,gentlemanlike
ghost-like,ghostlike
Ghost-like,ghostlike
ghyfto-kastro,ghyftokastro
Ghyfto-kastro,ghyftokastro
gi-ant,giant
Gi-ant,giant
gieat,gi-eat
Gieat,gi-eat
glass-house,glasshouse
Glass-house,glasshouse
glass-houses,glasshouses
Glass-houses,glasshouses
glen-roy,glenroy
Glen-roy,glenroy
glo-worm,glowworm
Glo-worm,glowworm
glo-worms,glowworms
Glo-worms,glowworms
glow-worm,glowworm
Glow-worm,glowworm
glow-worms,glowworms
Glow-worms,glowworms
gloworm,glowworm
Gloworm,glowworm
gloworms,glowworms
Gloworms,glowworms
goat-skin,goatskin
Goat-skin,goatskin
goat-skins,goatskins
Goat-skins,goatskins
gobetween,go-between
Gobetween,go-between
god-like,godlike
God-like,godlike
good-by,goodbye
Good-by,goodbye
good-bye,goodbye
Good-bye,goodbye
good-hearted,goodhearted
Good-hearted,goodhearted
good-humored,good-humoured
Good-humored,good-humoured
good-humour'd,good-humoured
Good-humour'd,good-humoured
good-natur'd,good-natured
Good-natur'd,good-natured
good-night,goodnight
Good-night,goodnight
good-wife,goodwife
Good-wife,goodwife
good-will,goodwill
Good-will,goodwill
goodby,goodbye
Goodby,goodbye
goodhumor,good-humour
Goodhumor,good-humour
goodhumored,good-humoured
Goodhumored,good-humoured
goodhumour,good-humour
Goodhumour,good-humour
goodhumour'd,good-humoured
Goodhumour'd,good-humoured
goodhumoured,good-humoured
Goodhumoured,good-humoured
goodlooking,good-looking
Goodlooking,good-looking
goodnatur'd,good-natured
Goodnatur'd,good-natured
goodnatured,good-natured
Goodnatured,good-natured
goose-quill,goosequill
Goose-quill,goosequill
governorgeneral,governor-general
Governorgeneral,governor-general
grand-children,grandchildren
Grand-children,grandchildren
grand-daughter,granddaughter
Grand-daughter,granddaughter
grand-master,grandmaster
Grand-master,grandmaster
grape-shot,grapeshot
Grape-shot,grapeshot
grave-stone,gravestone
Grave-stone,gravestone
grave-stones,gravestones
Grave-stones,gravestones
grave-yard,graveyard
Grave-yard,graveyard
great-coat,greatcoat
Great-coat,greatcoat
green-house,greenhouse
Green-house,greenhouse
green-sand,greensand
Green-sand,greensand
green-stone,greenstone
Green-stone,greenstone
green-sward,greensward
Green-sward,greensward
green-wood,greenwood
Green-wood,greenwood
grey-beard,greybeard
Grey-beard,greybeard
ground-work,groundwork
Ground-work,groundwork
grown-up,grownup
Grown-up,grownup
guard-house,guardhouse
Guard-house,guardhouse
guard-room,guardroom
Guard-room,guardroom
Guards-Room,guardroom
gun-boat,gunboat
Gun-boat,gunboat
gun-boats,gunboats
Gun-boats,gunboats
gun-powder,gunpowder
Gun-powder,gunpowder
gun-shot,gunshot
Gun-shot,gunshot
hail-storm,hailstorm
Hail-storm,hailstorm
hair-breadth,hairbreadth
Hair-breadth,hairbreadth
hair-cloth,haircloth
Hair-cloth,haircloth
hair-dresser,hairdresser
Hair-dresser,hairdresser
hair-like,hairlike
Hair-like,hairlike
Half-moon,halfmoon
Half-Moon,halfmoon
Half-moons,halfmoons
Half-Moons,halfmoons
half-pence,halfpence
Half-pence,halfpence
half-penny,halfpenny
Half-penny,halfpenny
half-peny,halfpenny
Half-peny,halfpenny
half-way,halfway
Half-way,halfway
halfdead,half-dead
Halfdead,half-dead
halfpay,half-pay
Halfpay,half-pay
halfpeny,halfpenny
Halfpeny,halfpenny
hand-bill,handbill
Hand-bill,handbill
hand-bills,handbills
Hand-bills,handbills
hand-rail,handrail
Hand-rail,handrail
hand-writing,handwriting
Hand-writing,handwriting
hangeron,hanger-on
Hangeron,hanger-on
hard-hearted,hardhearted
Hard-hearted,hardhearted
hard-working,hardworking
Hard-working,hardworking
hay-loft,hayloft
Hay-loft,hayloft
hay-market,haymarket
Hay-market,haymarket
hay-stacks,haystacks
Hay-stacks,haystacks
head-ach,headache
Head-ach,headache
head-ache,headache
Head-ache,headache
head-aches,headaches
Head-aches,headaches
head-achs,headaches
Head-achs,headaches
head-dress,headdress
Head-dress,headdress
head-dresses,headdresses
Head-dresses,headdresses
head-gear,headgear
Head-gear,headgear
head-land,headland
Head-land,headland
head-lands,headlands
Head-lands,headlands
head-man,headman
Head-man,headman
head-master,headmaster
Head-master,headmaster
head-piece,headpiece
Head-piece,headpiece
Head-quarter,headquarters
Head-Quarter,headquarters
head-quarters,headquarters
Head-quarters,headquarters
head-way,headway
Head-way,headway
headach,headache
Headach,headache
headachs,headaches
Headachs,headaches
heart-breaking,heartbreaking
Heart-breaking,heartbreaking
heart-broken,heartbroken
Heart-broken,heartbroken
heart-felt,heartfelt
Heart-felt,heartfelt
heart-rending,heartrending
Heart-rending,heartrending
heart-sick,heartsick
Heart-sick,heartsick
heart-strings,heartstrings
Heart-strings,heartstrings
hearth-stone,hearthstone
Hearth-stone,hearthstone
heav'n-ward,heavenward
Heav'n-ward,heavenward
heav'nward,heavenward
Heav'nward,heavenward
heaven-ward,heavenward
Heaven-ward,heavenward
hedge-hog,hedgehog
Hedge-hog,hedgehog
hedge-row,hedgerow
Hedge-row,hedgerow
hedge-rows,hedgerows
Hedge-rows,hedgerows
heir-loom,heirloom
Heir-loom,heirloom
hell-fire,hellfire
Hell-fire,hellfire
help-mate,helpmate
Help-mate,helpmate
her-self,herself
Her-self,herself
hey-day,heyday
Hey-day,heyday
hidingplace,hiding-place
Hidingplace,hiding-place
high-born,highborn
High-born,highborn
high-borne,highborn
High-borne,highborn
high-bred,highbred
High-bred,highbred
high-land,highland
High-land,highland
high-lands,highlands
High-lands,highlands
high-road,highroad
High-road,highroad
high-way,highway
High-way,highway
high-wood,highwood
High-wood,highwood
highborne,highborn
Highborne,highborn
highminded,high-minded
Highminded,high-minded
highspirited,high-spirited
Highspirited,high-spirited
hill-side,hillside
Hill-side,hillside
hill-sides,hillsides
Hill-sides,hillsides
hill-tops,hilltops
Hill-tops,hilltops
him-self,himself
Him-self,himself
hoar-frost,hoarfrost
Hoar-frost,hoarfrost
hobby-horse,hobbyhorse
Hobby-horse,hobbyhorse
hold-enough,holdenough
Hold-enough,holdenough
home-bred,homebred
Home-bred,homebred
home-made,homemade
Home-made,homemade
honey-comb,honeycomb
Honey-comb,honeycomb
honey-combed,honeycombed
Honey-combed,honeycombed
honey-moon,honeymoon
Honey-moon,honeymoon
honey-suckle,honeysuckle
Honey-suckle,honeysuckle
horn-work,hornwork
Horn-work,hornwork
Horn-Work,hornwork
Horn-works,hornworks
Horn-Works,hornworks
horse-back,horseback
Horse-back,horseback
horse-flesh,horseflesh
Horse-flesh,horseflesh
horse-hair,horsehair
Horse-hair,horsehair
horse-laugh,horselaugh
Horse-laugh,horselaugh
Horse-men,horsemen
Horse-Men,horsemen
horse-shoe,horseshoe
Horse-shoe,horseshoe
horse-shoes,horseshoes
Horse-shoes,horseshoes
horse-shooe,horseshoe
Horse-shooe,horseshoe
horseshooe,horseshoe
Horseshooe,horseshoe
hot-bed,hotbed
Hot-bed,hotbed
hot-beds,hotbeds
Hot-beds,hotbeds
hot-headed,hotheaded
Hot-headed,hotheaded
hot-house,hothouse
Hot-house,hothouse
hot-houses,hothouses
Hot-houses,hothouses
hour-glass,hourglass
Hour-glass,hourglass
house-breaking,housebreaking
House-breaking,housebreaking
house-keeper,housekeeper
House-keeper,housekeeper
house-keeping,housekeeping
House-keeping,housekeeping
house-maid,housemaid
House-maid,housemaid
house-tops,housetops
House-tops,housetops
huilli-che,huilliche
Huilli-che,huilliche
human-kind,humankind
Human-kind,humankind
humbleservant,humble-servant
Humbleservant,humble-servant
humming-bird,hummingbird
Humming-bird,hummingbird
humming-birds,hummingbirds
Humming-birds,hummingbirds
hundred-fold,hundredfold
Hundred-fold,hundredfold
hundred-weight,hundredweight
Hundred-weight,hundredweight
Hurly-burly,hurly-burly
Hurly-Burly,hurly-burly
hymn-book,hymnbook
Hymn-book,hymnbook
i-i-i,iii
I-i-i,iii
i-ii,iii
I-ii,iii
ice-berg,iceberg
Ice-berg,iceberg
ice-bergs,icebergs
Ice-bergs,icebergs
ill-used,ill-used
Ill-used,ill-used
illbred,ill-bred
Illbred,ill-bred
illfated,ill-fated
Illfated,ill-fated
illfounded,ill-founded
Illfounded,ill-founded
illgotten,ill-gotten
Illgotten,ill-gotten
illtreated,ill-treated
Illtreated,ill-treated
illwill,ill-will
Illwill,ill-will
in-actual,in actual
In-actual,in actual
in-annual,in annual
In-annual,in annual
in-burgesses,in burgesses
In-burgesses,in burgesses
in-chief,in chief
In-chief,in chief
in-door,indoor
In-door,indoor
in-doors,indoors
In-doors,indoors
in-general,in general
In-general,in general
in-law,inlaw
In-law,inlaw
in-shore,inshore
In-shore,inshore
in-the,in the
In-the,in the
in't,in it
In't,in it
ink-horn,inkhorn
Ink-horn,inkhorn
inn-keeper,innkeeper
Inn-keeper,innkeeper
inn-keepers,innkeepers
Inn-keepers,innkeepers
inter-colonial,intercolonial
Inter-colonial,intercolonial
io-o,ioo
Io-o,ioo
ipsedixit,ipse-dixit
Ipsedixit,ipse-dixit
iron-bound,ironbound
Iron-bound,ironbound
iron-stone,ironstone
Iron-stone,ironstone
iron-work,ironwork
Iron-work,ironwork
iron-works,ironworks
Iron-works,ironworks
is't,is it
Is't,is it
it-self,itself
It-self,itself
it-was,it was
It-was,it was
j-^-,j^
J-^-,j^
j-ig,jig
J-ig,jig
jack-boots,jackboots
Jack-boots,jackboots
jaw-bone,jawbone
Jaw-bone,jawbone
jaw-bones,jawbones
Jaw-bones,jawbones
jiff-,jiff
Jiff-,jiff
jig-,jig
Jig-,jig
john-stone,johnstone
John-stone,johnstone
johns-tone,johnstone
Johns-tone,johnstone
juxta-position,juxtaposition
Juxta-position,juxtaposition
kerne-guy,kerneguy
Kerne-guy,kerneguy
kettle-drum,kettledrum
Kettle-drum,kettledrum
kettle-drums,kettledrums
Kettle-drums,kettledrums
key-hole,keyhole
Key-hole,keyhole
key-stone,keystone
Key-stone,keystone
kind-hearted,kindhearted
Kind-hearted,kindhearted
king-craft,kingcraft
King-craft,kingcraft
king-fisher,kingfisher
King-fisher,kingfisher
kings-wood,kingswood
Kings-wood,kingswood
kirk-dale,kirkdale
Kirk-dale,kirkdale
la-fayette,lafayette
La-fayette,lafayette
la-source,lasource
La-source,lasource
lack-a-day,lackaday
Lack-a-day,lackaday
lady-bird,ladybird
Lady-bird,ladybird
lady-birds,ladybirds
Lady-birds,ladybirds
lady-day,ladyday
Lady-day,ladyday
lady-like,ladylike
Lady-like,ladylike
lady-love,ladylove
Lady-love,ladylove
lamp-black,lampblack
Lamp-black,lampblack
lamp-light,lamplight
Lamp-light,lamplight
land-holders,landholders
Land-holders,landholders
land-lock'd,landlocked
Land-lock'd,landlocked
land-locked,landlocked
Land-locked,landlocked
land-mark,landmark
Land-mark,landmark
land-marks,landmarks
Land-marks,landmarks
land-owner,landowner
Land-owner,landowner
land-owners,landowners
Land-owners,landowners
land-side,landside
Land-side,landside
landlock'd,landlocked
Landlock'd,landlocked
landtax,land-tax
Landtax,land-tax
lang-port,langport
Lang-port,langport
lans-down,lansdown
Lans-down,lansdown
lap-dog,lapdog
Lap-dog,lapdog
laughing-stock,laughingstock
Laughing-stock,laughingstock
law-giver,lawgiver
Law-giver,lawgiver
law-givers,lawgivers
Law-givers,lawgivers
law-makers,lawmakers
Law-makers,lawmakers
law-making,lawmaking
Law-making,lawmaking
law-suit,lawsuit
Law-suit,lawsuit
law-suits,lawsuits
Law-suits,lawsuits
lee-ward,leeward
Lee-ward,leeward
left-handed,lefthanded
Left-handed,lefthanded
letter-press,letterpress
Letter-press,letterpress
letterspatent,letters-patent
Letterspatent,letters-patent
lettredecachet,lettre-de-cachet
Lettredecachet,lettre-de-cachet
lettresdecachet,lettres-de-cachet
Lettresdecachet,lettres-de-cachet
lieutcolonel,lieut-colonel
Lieutcolonel,lieut-colonel
lieutenantcolonel,lieutenant-colonel
Lieutenantcolonel,lieutenant-colonel
lieutenantgeneral,lieutenant-general
Lieutenantgeneral,lieutenant-general
lieutenantgovernor,lieutenant-governor
Lieutenantgovernor,lieutenant-governor
lieutgen,lieut-gen
Lieutgen,lieut-gen
life-blood,lifeblood
Life-blood,lifeblood
life-guards,lifeguards
life-long,lifelong
Life-long,lifelong
life-time,lifetime
Life-time,lifetime
light-hearted,lighthearted
Light-hearted,lighthearted
light-house,lighthouse
Light-house,lighthouse
light-houses,lighthouses
Light-houses,lighthouses
lime-kiln,limekiln
Lime-kiln,limekiln
lime-stone,limestone
Lime-stone,limestone
lime-water,limewater
Lime-water,limewater
live-long,livelong
Live-long,livelong
live-stock,livestock
Live-stock,livestock
loan-nina,loannina
Loan-nina,loannina
loch-leven,lochleven
Loch-leven,lochleven
loco-motion,locomotion
Loco-motion,locomotion
log-house,loghouse
Log-house,loghouse
long-boat,longboat
Long-boat,longboat
long-bow,longbow
Long-bow,longbow
long-er,longer
Long-er,longer
long-standing,longstanding
Long-standing,longstanding
long-temps,longtemps
Long-temps,longtemps
long-tems,longtems
Long-tems,longtems
long-winded,longwinded
Long-winded,longwinded
look-out,lookout
Look-out,lookout
lookingglass,looking-glass
Lookingglass,looking-glass
loop-hole,loophole
Loop-hole,loophole
loop-holes,loopholes
Loop-holes,loopholes
lordkeeper,lord-keeper
Lordkeeper,lord-keeper
love-lorn,lovelorn
Love-lorn,lovelorn
love-sick,lovesick
Love-sick,lovesick
low-born,lowborn
Low-born,lowborn
low-land,lowland
Low-land,lowland
low-lands,lowlands
Low-lands,lowlands
lud-gate,ludgate
Lud-gate,ludgate
ma-comb,macomb
Ma-comb,macomb
ma-the,ma the
Ma-the,ma the
mac-beth,macbeth
Mac-beth,macbeth
mac-kenzie,mackenzie
Mac-kenzie,mackenzie
mad-house,madhouse
Mad-house,madhouse
maid-servant,maidservant
Maid-servant,maidservant
maid-servants,maidservants
Maid-servants,maidservants
mail-coaches,mailcoaches
Mail-coaches,mailcoaches
main-land,mainland
Main-land,mainland
main-mast,mainmast
Main-mast,mainmast
main-sail,mainsail
Main-sail,mainsail
main-spring,mainspring
Main-spring,mainspring
main-top,maintop
Main-top,maintop
majorgen,major-gen
Majorgen,major-gen
majorgeneral,major-general
Majorgeneral,major-general
majorgenerals,major-generals
Majorgenerals,major-generals
mal-administration,maladministration
Mal-administration,maladministration
male-administration,maladministration
Male-administration,maladministration
maleadministration,maladministration
Maleadministration,maladministration
maltebrun,malte-brun
Maltebrun,malte-brun
man-servant,manservant
Man-servant,manservant
manderinchief,commander-in-chief
Manderinchief,commander-in-chief
manofwar,man-of-war
Manofwar,man-of-war
mansionhouse,mansion-house
Mansionhouse,mansion-house
mantel-piece,mantelpiece
Mantel-piece,mantelpiece
mar-prelate,marprelate
Mar-prelate,marprelate
market-place,marketplace
Market-place,marketplace
market-places,marketplaces
Market-places,marketplaces
mary-le-bone,marylebone
Mary-le-bone,marylebone
mast-head,masthead
Mast-head,masthead
master-peice,masterpiece
Master-peice,masterpiece
master-piece,masterpiece
Master-piece,masterpiece
master-pieces,masterpieces
Master-pieces,masterpieces
master-stroke,masterstroke
Master-stroke,masterstroke
masterpeice,masterpiece
Masterpeice,masterpiece
mavro-dhilissi,mavrodhilissi
Mavro-dhilissi,mavrodhilissi
may-be,maybe
May-be,maybe
may-pole,maypole
May-pole,maypole
mayday,may-day
Mayday,may-day
me-the,me the
Me-the,me the
mean-time,meantime
Mean-time,meantime
mean-while,meanwhile
Mean-while,meanwhile
meeting-house,meetinghouse
Meeting-house,meetinghouse
meeting-houses,meetinghouses
Meeting-houses,meetinghouses
melo-drama,melodrama
Melo-drama,melodrama
melo-dramatic,melodramatic
Melo-dramatic,melodramatic
men-servants,menservants
Men-servants,menservants
menatarms,men-at-arms
Menatarms,men-at-arms
menofwar,men-of-war
Menofwar,men-of-war
merry-making,merrymaking
Merry-making,merrymaking
meta-thorax,metathorax
Meta-thorax,metathorax
mid-day,midday
Mid-day,midday
mid-night,midnight
Mid-night,midnight
mid-way,midway
Mid-way,midway
midair,mid-air
Midair,mid-air
midchannel,mid-channel
Midchannel,mid-channel
middle-ag'd,middle-aged
Middle-ag'd,middle-aged
middle-men,middlemen
Middle-men,middlemen
middleag'd,middle-aged
Middleag'd,middle-aged
middleaged,middle-aged
Middleaged,middle-aged
mig-ht,might
Mig-ht,might
mile-stone,milestone
Mile-stone,milestone
militia-man,militiaman
Militia-man,militiaman
militia-men,militiamen
Militia-men,militiamen
milk-maid,milkmaid
Milk-maid,milkmaid
milk-maids,milkmaids
Milk-maids,milkmaids
mill-stone,millstone
Mill-stone,millstone
mill-stones,millstones
Mill-stones,millstones
mis-government,misgovernment
Mis-government,misgovernment
mis-shapen,misshapen
Mis-shapen,misshapen
mis-spent,misspent
Mis-spent,misspent
mis-statement,misstatement
Mis-statement,misstatement
mis-statements,misstatements
Mis-statements,misstatements
mockheroic,mock-heroic
Mockheroic,mock-heroic
moi-e,moi e
Moi-e,moi e
mon-forte,monforte
Mon-forte,monforte
moon-beam,moonbeam
Moon-beam,moonbeam
moon-beams,moonbeams
Moon-beams,moonbeams
moon-light,moonlight
Moon-light,moonlight
moon-lit,moonlit
Moon-lit,moonlit
moon-struck,moonstruck
Moon-struck,moonstruck
moor-croft,moorcroft
Moor-croft,moorcroft
moor-fields,moorfields
Moor-fields,moorfields
mothercountry,mother-country
Mothercountry,mother-country
mouth-piece,mouthpiece
Mouth-piece,mouthpiece
mus-grave,musgrave
Mus-grave,musgrave
muschel-kalk,muschelkalk
Muschel-kalk,muschelkalk
musket-fhot,musket-shot
Musket-fhot,musket-shot
musket-shot,musket-shot
Musket-shot,musket-shot
my-self,myself
My-self,myself
nag-pore,nagpore
Nag-pore,nagpore
ne-a,nea
Ne-a,nea
near-sighted,nearsighted
Near-sighted,nearsighted
needle-work,needlework
Needle-work,needlework
needle-worke,needlework
Needle-worke,needlework
needleworke,needlework
Needleworke,needlework
net-work,network
Net-work,network
neverfailing,never-failing
Neverfailing,never-failing
new-born,newborn
New-born,newborn
new-comer,newcomer
New-comer,newcomer
new-comers,newcomers
New-comers,newcomers
new-fangled,newfangled
New-fangled,newfangled
new-found,newfound
New-found,newfound
new-man,newman
New-man,newman
new-stead,newstead
New-stead,newstead
newcastleupontyne,newcastle-upon-tyne
Newcastleupontyne,newcastle-upon-tyne
newengland,new-england
Newengland,new-england
newhampshire,new-hampshire
Newhampshire,new-hampshire
newjersey,new-jersey
Newjersey,new-jersey
neworleans,new-orleans
Neworleans,new-orleans
newyork,new-york
Newyork,new-york
newzealand,new-zealand
Newzealand,new-zealand
nick-name,nickname
Nick-name,nickname
nick-named,nicknamed
Nick-named,nicknamed
nick-names,nicknames
Nick-names,nicknames
night-cap,nightcap
Night-cap,nightcap
night-caps,nightcaps
Night-caps,nightcaps
night-fall,nightfall
Night-fall,nightfall
night-gown,nightgown
Night-gown,nightgown
night-mare,nightmare
Night-mare,nightmare
night-time,nighttime
Night-time,nighttime
nine-pins,ninepins
Nine-pins,ninepins
ninetenths,nine-tenths
Ninetenths,nine-tenths
ninetyeight,ninety-eight
Ninetyeight,ninety-eight
ninetynine,ninety-nine
Ninetynine,ninety-nine
ninetysix,ninety-six
Ninetysix,ninety-six
ninetytwo,ninety-two
Ninetytwo,ninety-two
non-age,nonage
Non-age,nonage
non-appearance,nonappearance
Non-appearance,nonappearance
non-commissioned,noncommissioned
Non-commissioned,noncommissioned
non-compliance,noncompliance
Non-compliance,noncompliance
non-conformist,nonconformist
Non-conformist,nonconformist
non-conformists,nonconformists
Non-conformists,nonconformists
non-conformity,nonconformity
Non-conformity,nonconformity
non-descript,nondescript
Non-descript,nondescript
non-entity,nonentity
Non-entity,nonentity
non-existence,nonexistence
Non-existence,nonexistence
non-juror,nonjuror
Non-juror,nonjuror
non-jurors,nonjurors
Non-jurors,nonjurors
non-payment,nonpayment
Non-payment,nonpayment
non-performance,nonperformance
Non-performance,nonperformance
non-production,nonproduction
Non-production,nonproduction
non-residence,nonresidence
Non-residence,nonresidence
non-resident,nonresident
Non-resident,nonresident
non-resistance,nonresistance
Non-resistance,nonresistance
nonintercourse,non-intercourse
Nonintercourse,non-intercourse
nonresidents,nonresidents
Nonresidents,nonresidents
noon-day,noonday
Noon-day,noonday
noon-tide,noontide
Noon-tide,noontide
north-cote,northcote
North-cote,northcote
north-eaft,northeast
North-eaft,northeast
North-Eaft,northeast
north-east,northeast
North-east,northeast
north-easterly,northeasterly
North-easterly,northeasterly
north-eastern,northeastern
North-eastern,northeastern
north-eastward,northeastward
North-eastward,northeastward
north-fide,northside
North-fide,northside
north-weft,northwest
North-weft,northwest
north-west,northwest
North-west,northwest
north-westerly,northwesterly
North-westerly,northwesterly
north-western,northwestern
North-western,northwestern
north-westward,northwestward
North-westward,northwestward
note-book,notebook
Note-book,notebook
note-worthy,noteworthy
Note-worthy,noteworthy
now-a-days,nowadays
Now-a-days,nowadays
now-adays,nowadays
Now-adays,nowadays
nowa-days,nowadays
Nowa-days,nowadays
nut-brown,nutbrown
Nut-brown,nutbrown
nut-browne,nutbrown
Nut-browne,nutbrown
nutbrowne,nutbrown
Nutbrowne,nutbrown
nymph-like,nymphlike
Nymph-like,nymphlike
o'er-night,overnight
O'er-night,overnight
o'er-ran,overran
O'er-ran,overran
o'er-rate,overrate
O'er-rate,overrate
o'er-rul'd,overruled
O'er-rul'd,overruled
o'er-ruling,overruling
O'er-ruling,overruling
o'er-run,overrun
O'er-run,overrun
o'ernight,overnight
O'ernight,overnight
o'erran,overran
O'erran,overran
o'errate,overrate
O'errate,overrate
o'errul'd,overruled
O'errul'd,overruled
o'erruling,overruling
O'erruling,overruling
o'errun,overrun
O'errun,overrun
oat-cake,oatcake
Oat-cake,oatcake
oeildeboeuf,oeil-de-boeuf
Oeildeboeuf,oeil-de-boeuf
of-the,of the
Of-the,of the
off-hand,offhand
Off-hand,offhand
off-shore,offshore
Off-shore,offshore
oft-times,ofttimes
Oft-times,ofttimes
oil-cloth,oilcloth
Oil-cloth,oilcloth
old-fashion'd,old-fashioned
Old-fashion'd,old-fashioned
oldfashion'd,old-fashioned
Oldfashion'd,old-fashioned
oldfashioned,old-fashioned
Oldfashioned,old-fashioned
on-the,on the
On-the,on the
operahouse,opera-house
Operahouse,opera-house
orphanhouse,orphan-house
Orphanhouse,orphan-house
our-selves,ourselves
Our-selves,ourselves
out-buildings,outbuildings
Out-buildings,outbuildings
out-door,outdoor
Out-door,outdoor
out-doors,outdoors
Out-doors,outdoors
out-going,outgoing
Out-going,outgoing
out-goings,outgoings
Out-goings,outgoings
out-house,outhouse
Out-house,outhouse
out-houses,outhouses
Out-houses,outhouses
out-lying,outlying
Out-lying,outlying
out-number,outnumber
out-post,outpost
Out-post,outpost
Out-Post,outpost
out-posts,outposts
Out-posts,outposts
Out-Posts,outposts
Out-skirts,outskirts
Out-Skirts,outskirts
out-work,outwork
Out-work,outwork
out-works,outworks
Out-works,outworks
Out-Works,outworks
over-exertion,overexertion
Over-exertion,overexertion
over-head,overhead
Over-head,overhead
over-land,overland
Over-land,overland
over-loaded,overloaded
Over-loaded,overloaded
over-night,overnight
Over-night,overnight
over-peopled,overpeopled
Over-peopled,overpeopled
over-ran,overran
Over-ran,overran
over-rate,overrate
Over-rate,overrate
over-rated,overrated
Over-rated,overrated
over-reach,overreach
Over-reach,overreach
over-rul'd,overruled
Over-rul'd,overruled
over-ruled,overruled
Over-ruled,overruled
over-ruling,overruling
Over-ruling,overruling
over-run,overrun
Over-run,overrun
overrul'd,overruled
Overrul'd,overruled
pack-horses,packhorses
Pack-horses,packhorses
pains-taking,painstaking
Pains-taking,painstaking
paleo-kastro,paleokastro
Paleo-kastro,paleokastro
paleo-panaghia,paleopanaghia
Paleo-panaghia,paleopanaghia
par-tout,partout
Par-tout,partout
pass-word,password
Pass-word,password
passion-flower,passionflower
Passion-flower,passionflower
pasture-land,pastureland
Pasture-land,pastureland
patch-work,patchwork
Patch-work,patchwork
pater-noster-row,paternoster-row
Pater-noster-row,paternoster-row
paternosterrow,paternoster-row
Paternosterrow,paternoster-row
path-way,pathway
Path-way,pathway
peace-maker,peacemaker
Peace-maker,peacemaker
peace-makers,peacemakers
Peace-makers,peacemakers
peice-meal,piecemeal
Peice-meal,piecemeal
peicemeal,piecemeal
Peicemeal,piecemeal
pell-mell,pellmell
Pell-mell,pellmell
pen-knife,penknife
Pen-knife,penknife
pent-house,penthouse
Pent-house,penthouse
pepper-corn,peppercorn
Pepper-corn,peppercorn
per-cent,percent
Per-cent,percent
per-centage,percentage
Per-centage,percentage
per-cents,percents
Per-cents,percents
perth-shire,perthshire
Perth-shire,perthshire
petitmaitre,petit-maitre
Petitmaitre,petit-maitre
peut-ere,peut-etre
Peut-ere,peut-etre
peutere,peut-etre
Peutere,peut-etre
piano-forte,pianoforte
Piano-forte,pianoforte
pic-nic,picnic
Pic-nic,picnic
pick-axe,pickaxe
Pick-axe,pickaxe
pick-axes,pickaxes
Pick-axes,pickaxes
pie-crust,piecrust
Pie-crust,piecrust
piece-meal,piecemeal
Piece-meal,piecemeal
pierre-point,pierrepoint
Pierre-point,pierrepoint
pill-boxes,pillboxes
Pill-boxes,pillboxes
pin-hole,pinhole
Pin-hole,pinhole
pine-apple,pineapple
Pine-apple,pineapple
pine-apples,pineapples
Pine-apples,pineapples
pink-ney,pinkney
Pink-ney,pinkney
pipe-clay,pipeclay
Pipe-clay,pipeclay
Pistols-worth,pistol's worth
plant-like,plantlike
Plant-like,plantlike
plaque-mine,plaquemine
Plaque-mine,plaquemine
play-bill,playbill
Play-bill,playbill
play-bills,playbills
Play-bills,playbills
play-fellow,playfellow
Play-fellow,playfellow
play-ground,playground
Play-ground,playground
play-house,playhouse
Play-house,playhouse
play-houses,playhouses
Play-houses,playhouses
plough-boy,ploughboy
Plough-boy,ploughboy
pocket-book,pocketbook
Pocket-book,pocketbook
pocket-books,pocketbooks
Pocket-books,pocketbooks
pocket-knife,pocketknife
Pocket-knife,pocketknife
point-blank,pointblank
Point-blank,pointblank
pole-star,polestar
Pole-star,polestar
poly-olbion,polyolbion
Poly-olbion,polyolbion
Pont-a-Pierre,Pont--Pierre
Pont-a-Rache,Pont--Rache
Pont-a-Vendin,Pont--Vendin
Ponta-Piere,Pont--Pierre
Ponta-Pierre,Pont--Pierre
Ponta-Rache,Pont--Rache
Ponta-Vendin,Pont--Vendin
poor-house,poorhouse
Poor-house,poorhouse
poor-houses,poorhouses
Poor-houses,poorhouses
pop-gun,popgun
Pop-gun,popgun
port-folio,portfolio
Port-folio,portfolio
port-holes,portholes
Port-holes,portholes
portauprince,port-au-prince
Portauprince,port-au-prince
post-boy,postboy
Post-boy,postboy
post-boys,postboys
Post-boys,postboys
post-diluvial,postdiluvial
Post-diluvial,postdiluvial
post-diluvian,postdiluvian
Post-diluvian,postdiluvian
post-master,postmaster
Post-master,postmaster
post-office,postoffice
Post-office,postoffice
post-offices,postoffices
Post-offices,postoffices
postcaptain,post-captain
Postcaptain,post-captain
postchaise,post-chaise
Postchaise,post-chaise
pot-herbs,potherbs
Pot-herbs,potherbs
pot-house,pothouse
Pot-house,pothouse
prae-eminence,preeminence
Prae-eminence,preeminence
prae-existing,preexisting
Prae-existing,preexisting
praeeminence,preeminence
Praeeminence,preeminence
praeexisting,preexisting
Praeexisting,preexisting
praise-worthy,praiseworthy
Praise-worthy,praiseworthy
pre-conceived,preconceived
Pre-conceived,preconceived
pre-eminence,preeminence
Pre-eminence,preeminence
pre-eminent,preeminent
Pre-eminent,preeminent
pre-eminently,preeminently
Pre-eminently,preeminently
pre-emption,preemption
Pre-emption,preemption
pre-existence,preexistence
Pre-existence,preexistence
pre-existent,preexistent
Pre-existent,preexistent
pre-existing,preexisting
Pre-existing,preexisting
pre-occupied,preoccupied
Pre-occupied,preoccupied
pre-supposes,presupposes
Pre-supposes,presupposes
pre-the,pre the
Pre-the,pre the
preston-pans,prestonpans
Preston-pans,prestonpans
prisonhouse,prison-house
Prisonhouse,prison-house
privycouncil,privy-council
Privycouncil,privy-council
privycounsellor,privy-counsellor
Privycounsellor,privy-counsellor
pro-legs,prolegs
Pro-legs,prolegs
procsverbal,procs-verbal
Procsverbal,procs-verbal
publichouse,public-house
Publichouse,public-house
publichouses,public-houses
Publichouses,public-houses
publick-house,public-house
Publick-house,public-house
publick-houses,public-houses
Publick-houses,public-houses
Publick-Houses,public-houses
publick-spirited,public-spirited
Publick-spirited,public-spirited
publickhouse,public-house
Publickhouse,public-house
publickhouses,public-houses
Publickhouses,public-houses
publickspirited,public-spirited
Publickspirited,public-spirited
publicspirited,public-spirited
Publicspirited,public-spirited
pye-crust,piecrust
Pye-crust,piecrust
pyecrust,piecrust
Pyecrust,piecrust
quarter-deck,quarterdeck
Quarter-deck,quarterdeck
Quarter-mafter-general,Quarter-Master-General
Quarter-Mafter-General,Quarter-Master-General
Quarter-Mafter,Quarter-Master
Quarter-mailer-general,Quarter-Master-General
Quarter-Mailer-General,Quarter-Master-General
Quarter-Mailer,Quarter-Master
quarter-master,quartermaster
Quarter-master,quartermaster
quarter-masters,quartermasters
Quarter-masters,quartermasters
quarter-staff,quarterstaff
Quarter-staff,quarterstaff
quartermastergeneral,quarter-master-general
Quartermastergeneral,quarter-master-general
quick-lime,quicklime
Quick-lime,quicklime
ra-morn,ra morn
Ra-morn,ra morn
race-course,racecourse
Race-course,racecourse
race-horse,racehorse
Race-horse,racehorse
race-horses,racehorses
Race-horses,racehorses
rail-road,railroad
Rail-road,railroad
rail-roads,railroads
Rail-roads,railroads
rail-way,railway
Rail-way,railway
rain-deer,reindeer
Rain-deer,reindeer
rain-drops,raindrops
Rain-drops,raindrops
rain-water,rainwater
Rain-water,rainwater
raindeer,reindeer
Raindeer,reindeer
rattle-snake,rattlesnake
Rattle-snake,rattlesnake
re-act,react
Re-act,react
re-admitted,readmitted
Re-admitted,readmitted
re-agents,reagents
Re-agents,reagents
re-appear,reappear
Re-appear,reappear
re-appearance,reappearance
Re-appearance,reappearance
re-appeared,reappeared
Re-appeared,reappeared
re-appearing,reappearing
Re-appearing,reappearing
re-appears,reappears
Re-appears,reappears
re-appointed,reappointed
Re-appointed,reappointed
re-appointment,reappointment
Re-appointment,reappointment
re-assembled,reassembled
Re-assembled,reassembled
re-assembling,reassembling
Re-assembling,reassembling
re-assert,reassert
Re-assert,reassert
re-asserted,reasserted
Re-asserted,reasserted
re-assume,reassume
Re-assume,reassume
re-assured,reassured
Re-assured,reassured
re-capture,recapture
Re-capture,recapture
re-captured,recaptured
Re-captured,recaptured
re-commenced,recommenced
Re-commenced,recommenced
re-consider,reconsider
Re-consider,reconsider
re-consider'd,reconsidered
Re-consider'd,reconsidered
re-considered,reconsidered
Re-considered,reconsidered
re-crofs,recross
Re-crofs,recross
re-crofs'd,recrossed
Re-crofs'd,recrossed
re-crofsed,recrossed
Re-crofsed,recrossed
re-cross,recross
Re-cross,recross
re-crossed,recrossed
Re-crossed,recrossed
re-eccho'd,reechoed
Re-eccho'd,reechoed
re-ecchoed,reechoed
Re-ecchoed,reechoed
re-echo'd,reechoed
Re-echo'd,reechoed
re-echoed,reechoed
Re-echoed,reechoed
re-elected,reelected
Re-elected,reelected
re-election,reelection
Re-election,reelection
re-embarked,reembarked
Re-embarked,reembarked
re-enacted,reenacted
Re-enacted,reenacted
re-ent'ring,reentering
Re-ent'ring,reentering
re-enter,reenter
Re-enter,reenter
re-enter'd,reentered
Re-enter'd,reentered
re-entered,reentered
Re-entered,reentered
re-entering,reentering
Re-entering,reentering
re-establish,reestablish
Re-establish,reestablish
re-establish'd,reestablished
Re-establish'd,reestablished
re-established,reestablished
Re-established,reestablished
re-establishing,reestablishing
Re-establishing,reestablishing
re-establishment,reestablishment
Re-establishment,reestablishment
re-examination,reexamination
Re-examination,reexamination
re-form,reform
Re-form,reform
re-inforce,reinforce
Re-inforce,reinforce
re-inforced,reinforced
Re-inforced,reinforced
re-inforcement,reinforcement
Re-inforcement,reinforcement
re-inforcements,reinforcements
Re-inforcements,reinforcements
re-inforces,reinforces
Re-inforces,reinforces
re-inforcing,reinforcing
Re-inforcing,reinforcing
re-march,remarch
Re-march,remarch
re-march'd,remarched
Re-march'd,remarched
re-marched,remarched
Re-marched,remarched
re-modelled,remodelled
Re-modelled,remodelled
re-modelling,remodelling
Re-modelling,remodelling
re-mount,remount
re-open,reopen
Re-open,reopen
re-opened,reopened
Re-opened,reopened
re-organization,reorganization
Re-organization,reorganization
re-organized,reorganized
Re-organized,reorganized
re-pass,repass
re-printed,reprinted
Re-printed,reprinted
re-production,reproduction
Re-production,reproduction
re-published,republished
Re-published,republished
re-r,rer
Re-r,rer
re-the,re_the
Re-the,re_the
re-union,reunion
Re-union,reunion
re-unite,reunite
Re-unite,reunite
re-united,reunited
Re-united,reunited
re-visited,revisited
Re-visited,revisited
rear-guard,rearguard
Rear-guard,rearguard
Rear-Guard,rearguard
receivergeneral,receiver-general
Receivergeneral,receiver-general
reconsider'd,reconsidered
Reconsider'd,reconsidered
rectorstreet,rector-street
Rectorstreet,rector-street
red-breast,redbreast
Red-breast,redbreast
red-brick,redbrick
Red-brick,redbrick
red-coat,redcoat
Red-coat,redcoat
red-coats,redcoats
Red-coats,redcoats
reeccho'd,reechoed
Reeccho'd,reechoed
reecchoed,reechoed
Reecchoed,reechoed
reecho'd,reechoed
Reecho'd,reechoed
reent'ring,reentering
Reent'ring,reentering
reenter'd,reentered
Reenter'd,reentered
reestablish'd,reestablished
Reestablish'd,reestablished
rein-deer,reindeer
Rein-deer,reindeer
remainder-man,remainderman
Remainder-man,remainderman
rendez-vous'd,rendez-voused
Rendez-vous'd,rendez-voused
restingplace,resting-place
Restingplace,resting-place
rig-ht,right
Rig-ht,right
river-side,riverside
River-side,riverside
road-side,roadside
Road-side,roadside
road-way,roadway
Road-way,roadway
rook-wood,rookwood
Rook-wood,rookwood
rose-bud,rosebud
Rose-bud,rosebud
rose-buds,rosebuds
Rose-buds,rosebuds
rose-water,rosewater
Rose-water,rosewater
roth-say,rothsay
Roth-say,rothsay
round-about,roundabout
Round-about,roundabout
round-headed,roundheaded
Round-headed,roundheaded
round-house,roundhouse
Round-house,roundhouse
row-boat,rowboat
Row-boat,rowboat
royalsociety,royal-society
Royalsociety,royal-society
run-a-way,runaway
Run-a-way,runaway
run-away,runaway
Run-away,runaway
rush-worth,rushworth
Rush-worth,rushworth
s^-c,s^c
S^-c,s^c
sa-bran,sabran
Sa-bran,sabran
saddle-bags,saddlebags
Saddle-bags,saddlebags
saddle-bow,saddlebow
Saddle-bow,saddlebow
sail-maker,sailmaker
Sail-maker,sailmaker
saint-like,saintlike
Saint-like,saintlike
saintantoine,saint-antoine
Saintantoine,saint-antoine
salt-cellar,saltcellar
Salt-cellar,saltcellar
salt-fish,saltfish
Salt-fish,saltfish
salt-water,saltwater
Salt-water,saltwater
salt-works,saltworks
Salt-works,saltworks
sand-bank,sandbank
Sand-bank,sandbank
sand-banks,sandbanks
Sand-banks,sandbanks
sand-hill,sandhill
Sand-hill,sandhill
sand-stone,sandstone
Sand-stone,sandstone
sandal-wood,sandalwood
Sandal-wood,sandalwood
sang-froid,sangfroid
Sang-froid,sangfroid
sans-culottes,sansculottes
Sans-culottes,sansculottes
sanssouci,sans-souci
Sanssouci,sans-souci
saw-dust,sawdust
Saw-dust,sawdust
saw-mill,sawmill
Saw-mill,sawmill
saw-mills,sawmills
Saw-mills,sawmills
saw-pit,sawpit
Saw-pit,sawpit
scape-goat,scapegoat
Scape-goat,scapegoat
scare-crow,scarecrow
Scare-crow,scarecrow
schole-master,schoolmaster
Schole-master,schoolmaster
scholemaster,schoolmaster
Scholemaster,schoolmaster
school-books,schoolbooks
School-books,schoolbooks
school-boy,schoolboy
School-boy,schoolboy
school-boys,schoolboys
School-boys,schoolboys
school-fellow,schoolfellow
School-fellow,schoolfellow
school-fellows,schoolfellows
School-fellows,schoolfellows
school-house,schoolhouse
School-house,schoolhouse
school-houses,schoolhouses
School-houses,schoolhouses
school-master,schoolmaster
School-master,schoolmaster
school-masters,schoolmasters
School-masters,schoolmasters
school-mistress,schoolmistress
School-mistress,schoolmistress
school-room,schoolroom
School-room,schoolroom
school-rooms,schoolrooms
School-rooms,schoolrooms
schoole-master,schoolmaster
Schoole-master,schoolmaster
schoolemaster,schoolmaster
Schoolemaster,schoolmaster
sea-birds,seabirds
Sea-birds,seabirds
sea-board,seaboard
Sea-board,seaboard
sea-coast,seacoast
Sea-coast,seacoast
sea-coasts,seacoasts
Sea-coasts,seacoasts
sea-faring,seafaring
Sea-faring,seafaring
sea-fowl,seafowl
Sea-fowl,seafowl
sea-fowls,seafowl
Sea-fowls,seafowl
sea-green,seagreen
Sea-green,seagreen
sea-gull,seagull
Sea-gull,seagull
sea-gulls,seagulls
Sea-gulls,seagulls
sea-horse,seahorse
Sea-horse,seahorse
sea-port,seaport
Sea-port,seaport
sea-ports,seaports
Sea-ports,seaports
sea-shells,seashells
Sea-shells,seashells
sea-shore,seashore
Sea-shore,seashore
sea-shores,seashores
Sea-shores,seashores
sea-sick,seasick
Sea-sick,seasick
sea-sickness,seasickness
Sea-sickness,seasickness
sea-side,seaside
Sea-side,seaside
sea-ward,seaward
Sea-ward,seaward
sea-water,seawater
Sea-water,seawater
sea-weed,seaweed
Sea-weed,seaweed
sea-weeds,seaweeds
Sea-weeds,seaweeds
sea-worthy,seaworthy
Sea-worthy,seaworthy
seabeach,sea-beach
Seabeach,sea-beach
seafowls,seafowl
Seafowls,seafowl
seahorses,sea-horses
Seahorses,sea-horses
seal-skin,sealskin
Seal-skin,sealskin
sealingwax,sealing-wax
Sealingwax,sealing-wax
second-hand,secondhand
Second-hand,secondhand
secondrate,second-rate
Secondrate,second-rate
see-saw,seesaw
See-saw,seesaw
seed-time,seedtime
Seed-time,seedtime
self-int'rest,self-interest
Self-int'rest,self-interest
self-same,selfsame
Self-same,selfsame
selfdefence,self-defence
Selfdefence,self-defence
selfdenial,self-denial
Selfdenial,self-denial
selfdenying,self-denying
Selfdenying,self-denying
selfevident,self-evident
Selfevident,self-evident
selfgovernment,self-government
Selfgovernment,self-government
selfimportance,self-importance
Selfimportance,self-importance
selfint'rest,self-interest
Selfint'rest,self-interest
selfinterest,self-interest
Selfinterest,self-interest
selflove,self-love
Selflove,self-love
selfpossession,self-possession
Selfpossession,self-possession
selfpreservation,self-preservation
Selfpreservation,self-preservation
selfregarding,self-regarding
Selfregarding,self-regarding
semi-circle,semicircle
Semi-circle,semicircle
semi-circular,semicircular
Semi-circular,semicircular
semi-cylindrical,semicylindrical
Semi-cylindrical,semicylindrical
semi-diameter,semidiameter
Semi-diameter,semidiameter
semi-fluid,semifluid
Semi-fluid,semifluid
semi-lunar,semilunar
Semi-lunar,semilunar
semi-transparent,semitransparent
Semi-transparent,semitransparent
seventyfive,seventy-five
Seventyfive,seventy-five
seventyfour,seventy-four
Seventyfour,seventy-four
seventynine,seventy-nine
Seventynine,seventy-nine
seventysix,seventy-six
Seventysix,seventy-six
seventythree,seventy-three
Seventythree,seventy-three
seventytwo,seventy-two
Seventytwo,seventy-two
sey-mour,seymour
Sey-mour,seymour
sey-ton,seyton
Sey-ton,seyton
sharp-shooters,sharpshooters
Sharp-shooters,sharpshooters
sheep-skin,sheepskin
Sheep-skin,sheepskin
sheep-skins,sheepskins
Sheep-skins,sheepskins
shell-fish,shellfish
Shell-fish,shellfish
ship-board,shipboard
Ship-board,shipboard
ship-builder,shipbuilder
Ship-builder,shipbuilder
ship-builders,shipbuilders
Ship-builders,shipbuilders
ship-building,shipbuilding
Ship-building,shipbuilding
ship-worm,shipworm
Ship-worm,shipworm
shipmoney,ship-money
Shipmoney,ship-money
shop-keeper,shopkeeper
Shop-keeper,shopkeeper
shop-keeper's,shopkeeper
Shop-keeper's,shopkeeper
shop-keepers,shopkeepers
Shop-keepers,shopkeepers
shopkeeper's,shopkeeper
Shopkeeper's,shopkeeper
short-hand,shorthand
Short-hand,shorthand
short-liv'd,short-lived
Short-liv'd,short-lived
short-sighted,shortsighted
Short-sighted,shortsighted
short-sightedness,shortsightedness
Short-sightedness,shortsightedness
shortliv'd,short-lived
Shortliv'd,short-lived
shortlived,short-lived
Shortlived,short-lived
shrew-mouse,shrewmouse
Shrew-mouse,shrewmouse
sic-like,suchlike
Sic-like,suchlike
sick-bed,sickbed
Sick-bed,sickbed
sick-room,sickroom
Sick-room,sickroom
siclike,suchlike
Siclike,suchlike
sid-mouth,sidmouth
Sid-mouth,sidmouth
side-board,sideboard
Side-board,sideboard
side-long,sidelong
Side-long,sidelong
sight-seeing,sightseeing
Sight-seeing,sightseeing
sign-post,signpost
Sign-post,signpost
silk-worm,silkworm
Silk-worm,silkworm
silk-worms,silkworms
Silk-worms,silkworms
single-minded,singleminded
Single-minded,singleminded
singlestick,single-stick
Singlestick,single-stick
sister-inlaw,sister-in-law
Sister-inlaw,sister-in-law
sisterinlaw,sister-in-law
Sisterinlaw,sister-in-law
six-pence,sixpence
Six-pence,sixpence
sixtyeight,sixty-eight
Sixtyeight,sixty-eight
sixtyfive,sixty-five
Sixtyfive,sixty-five
sixtyfour,sixty-four
Sixtyfour,sixty-four
sixtyseven,sixty-seven
Sixtyseven,sixty-seven
sixtysix,sixty-six
Sixtysix,sixty-six
sixtythree,sixty-three
Sixtythree,sixty-three
sixtytwo,sixty-two
Sixtytwo,sixty-two
sketch-book,sketchbook
Sketch-book,sketchbook
sky-lark,skylark
Sky-lark,skylark
sky-light,skylight
Sky-light,skylight
sky-lights,skylights
Sky-lights,skylights
slateclay,slate-clay
Slateclay,slate-clay
slaughter-house,slaughterhouse
Slaughter-house,slaughterhouse
slaughter-houses,slaughterhouses
Slaughter-houses,slaughterhouses
slave-holder,slaveholder
Slave-holder,slaveholder
slave-holders,slaveholders
Slave-holders,slaveholders
slaveholding,slave-holding
Slaveholding,slave-holding
sledge-hammer,sledgehammer
Sledge-hammer,sledgehammer
small-clothes,smallclothes
Small-clothes,smallclothes
small-pox,smallpox
Small-pox,smallpox
snake-like,snakelike
Snake-like,snakelike
snow-ball,snowball
Snow-ball,snowball
snow-drift,snowdrift
Snow-drift,snowdrift
snow-drop,snowdrop
Snow-drop,snowdrop
snow-drops,snowdrops
Snow-drops,snowdrops
snow-shoes,snowshoes
Snow-shoes,snowshoes
snow-storm,snowstorm
Snow-storm,snowstorm
snowwhite,snow-white
Snowwhite,snow-white
snuff-box,snuffbox
Snuff-box,snuffbox
socalled,so-called
Socalled,so-called
soldier-like,soldierlike
Soldier-like,soldierlike
solicitorgeneral,solicitor-general
Solicitorgeneral,solicitor-general
sollicitor-general,solicitor-general
Sollicitor-general,solicitor-general
sollicitorgeneral,solicitor-general
Sollicitorgeneral,solicitor-general
somerset-shire,somersetshire
Somerset-shire,somersetshire
sonin-law,son-in-law
Sonin-law,son-in-law
soninlaw,son-in-law
Soninlaw,son-in-law
soso,so-so
Soso,so-so
sou-bah,soubah
Sou-bah,soubah
south-eaft,southeast
South-eaft,southeast
south-east,southeast
South-east,southeast
south-easterly,southeasterly
South-easterly,southeasterly
south-eastern,southeastern
South-eastern,southeastern
south-eastward,southeastward
South-eastward,southeastward
south-fide,southside
South-fide,southside
south-weft,southwest
South-weft,southwest
South-Weft,southwest
south-west,southwest
South-west,southwest
south-westerly,southwesterly
South-westerly,southwesterly
south-western,southwestern
South-western,southwestern
south-westward,southwestward
South-westward,southwestward
southsea,south-sea
Southsea,south-sea
spell-bound,spellbound
Spell-bound,spellbound
spitz-bergen,spitzbergen
Spitz-bergen,spitzbergen
spring-tide,springtide
Spring-tide,springtide
spring-time,springtime
Spring-time,springtime
stag-hounds,staghounds
Stag-hounds,staghounds
stage-coach,stagecoach
Stage-coach,stagecoach
stair-case,staircase
Stair-case,staircase
stair-cases,staircases
Stair-cases,staircases
stand-still,standstill
Stand-still,standstill
standard-bearer,standardbearer
Standard-bearer,standardbearer
star-fish,starfish
Star-fish,starfish
star-light,starlight
Star-light,starlight
star-like,starlike
Star-like,starlike
star-lit,starlit
Star-lit,starlit
starchamber,star-chamber
Starchamber,star-chamber
state-house,statehouse
State-house,statehouse
state-rooms,staterooms
State-rooms,staterooms
statesgeneral,States-General
Statesgeneral,States-General
statesman-like,statesmanlike
Statesman-like,statesmanlike
steam-boat,steamboat
Steam-boat,steamboat
steam-boats,steamboats
Steam-boats,steamboats
steampower,steam-power
Steampower,steam-power
steampowered,steam-powered
Steampowered,steam-powered
step-daughter,stepdaughter
Step-daughter,stepdaughter
step-father,stepfather
Step-father,stepfather
step-mother,stepmother
Step-mother,stepmother
stepping-stone,steppingstone
Stepping-stone,steppingstone
stepping-stones,steppingstones
Stepping-stones,steppingstones
sternpost,stern-post
Sternpost,stern-post
still-born,stillborn
Still-born,stillborn
stilling-fleet,stillingfleet
Stilling-fleet,stillingfleet
stock-bridge,stockbridge
Stock-bridge,stockbridge
stock-broker,stockbroker
Stock-broker,stockbroker
stone-cutting,stonecutting
Stone-cutting,stonecutting
stone-mason,stonemason
Stone-mason,stonemason
stone-walls,stonewalls
Stone-walls,stonewalls
stone-work,stonework
Stone-work,stonework
stop-cock,stopcock
Stop-cock,stopcock
stop-cocks,stopcocks
Stop-cocks,stopcocks
store-house,storehouse
Store-house,storehouse
store-houses,storehouses
Store-houses,storehouses
store-keeper,storekeeper
Store-keeper,storekeeper
store-room,storeroom
Store-room,storeroom
story-teller,storyteller
Story-teller,storyteller
straight-forward,straightforward
Straight-forward,straightforward
strong-hold,stronghold
Strong-hold,stronghold
strong-holds,strongholds
Strong-holds,strongholds
sub-apennine,subapennine
Sub-apennine,subapennine
sub-class,subclass
Sub-class,subclass
sub-committee,subcommittee
Sub-committee,subcommittee
sub-divided,subdivided
Sub-divided,subdivided
sub-division,subdivision
Sub-division,subdivision
sub-divisions,subdivisions
Sub-divisions,subdivisions
sub-families,subfamilies
Sub-families,subfamilies
sub-family,subfamily
Sub-family,subfamily
sub-genera,subgenera
Sub-genera,subgenera
sub-genus,subgenus
Sub-genus,subgenus
sub-marine,submarine
Sub-marine,submarine
sub-section,subsection
Sub-section,subsection
such-like,suchlike
Such-like,suchlike
sugar-cane,sugarcane
Sugar-cane,sugarcane
summer-house,summerhouse
Summer-house,summerhouse
summer-houses,summerhouses
Summer-houses,summerhouses
summer-time,summertime
Summer-time,summertime
sun-beam,sunbeam
Sun-beam,sunbeam
sun-beams,sunbeams
Sun-beams,sunbeams
sun-burnt,sunburnt
Sun-burnt,sunburnt
sun-dial,sundial
Sun-dial,sundial
sun-down,sundown
Sun-down,sundown
sun-dyal,sundial
Sun-dyal,sundial
sun-fish,sunfish
Sun-fish,sunfish
sun-light,sunlight
Sun-light,sunlight
sun-lit,sunlit
Sun-lit,sunlit
sun-rife,sunrise
Sun-rife,sunrise
sun-rise,sunrise
Sun-rise,sunrise
sun-set,sunset
Sun-set,sunset
sun-sett,sunset
Sun-sett,sunset
sun-shine,sunshine
Sun-shine,sunshine
sundyal,sundial
Sundyal,sundial
sunsett,sunset
Sunsett,sunset
sup-the,sup the
Sup-the,sup the
super-human,superhuman
Super-human,superhuman
surveyorgeneral,surveyor-general
Surveyorgeneral,surveyor-general
swan-like,swanlike
Swan-like,swanlike
sword-bearer,swordbearer
Sword-bearer,swordbearer
t-he,the
T-he,the
t'other,the other
T'other,the other
tte--tte,tete-a-tete
Tte--tte,tete-a-tete
tte-a-tte,tete-a-tete
Tte-a-tte,tete-a-tete
tte-a-ttes,tete-a-tete
Tte-a-ttes,tete-a-tete
ttette,tete-a-tete
Ttette,tete-a-tete
tteatte,tete-a-tete
Tteatte,tete-a-tete
tteattes,tete-a-tete
Tteattes,tete-a-tete
table-cloth,tablecloth
Table-cloth,tablecloth
table-land,tableland
Table-land,tableland
table-lands,tablelands
Table-lands,tablelands
tally-ho,tallyho
Tally-ho,tallyho
tape-worm,tapeworm
Tape-worm,tapeworm
task-master,taskmaster
Task-master,taskmaster
task-masters,taskmasters
Task-masters,taskmasters
tax-payers,taxpayers
Tax-payers,taxpayers
te-cum-seh,tecumseh
Te-cum-seh,tecumseh
tea-kettle,teakettle
Tea-kettle,teakettle
tea-pot,teapot
Tea-pot,teapot
tea-spoonful,teaspoonful
Tea-spoonful,teaspoonful
tea-spoons,teaspoons
Tea-spoons,teaspoons
tear-drop,teardrop
Tear-drop,teardrop
tear-drops,teardrops
Tear-drops,teardrops
tehuel-het,tehuelhet
Tehuel-het,tehuelhet
teign-mouth,teignmouth
Teign-mouth,teignmouth
tell-tale,telltale
Tell-tale,telltale
ten-fold,tenfold
Ten-fold,tenfold
tender-hearted,tenderhearted
Tender-hearted,tenderhearted
teteastute,tete-astute
Teteastute,tete-astute
teteatete,tete-a-tete
Teteatete,tete-a-tete
tetes-a-tetes,tete-a-tete
Tetes-a-tetes,tete-a-tete
tetesatetes,tete-a-tete
Tetesatetes,tete-a-tete
text-book,textbook
Text-book,textbook
text-books,textbooks
Text-books,textbooks
th-e,the
Th-e,the
the-,the
The-,the
their-selves,theirselves
Their-selves,theirselves
thick-set,thickset
Thick-set,thickset
thigh-bone,thighbone
Thigh-bone,thighbone
thirdrate,third-rate
Thirdrate,third-rate
thirtyeight,thirty-eight
Thirtyeight,thirty-eight
thirtyfive,thirty-five
Thirtyfive,thirty-five
thirtyfour,thirty-four
Thirtyfour,thirty-four
thirtynine,thirty-nine
Thirtynine,thirty-nine
thirtyone,thirty-one
Thirtyone,thirty-one
thirtyseven,thirty-seven
Thirtyseven,thirty-seven
thirtysix,thirty-six
Thirtysix,thirty-six
thirtythree,thirty-three
Thirtythree,thirty-three
thirtytwo,thirty-two
Thirtytwo,thirty-two
thistle-wood,thistlewood
Thistle-wood,thistlewood
thorough-bred,thoroughbred
Thorough-bred,thoroughbred
thorough-going,thoroughgoing
Thorough-going,thoroughgoing
thorough-pac'd,thoroughpaced
Thorough-pac'd,thoroughpaced
thorough-paced,thoroughpaced
Thorough-paced,thoroughpaced
thoroughpac'd,thoroughpaced
Thoroughpac'd,thoroughpaced
thousand-fold,thousandfold
Thousand-fold,thousandfold
thread-bare,threadbare
Thread-bare,threadbare
thread-like,threadlike
Thread-like,threadlike
three-fold,threefold
Three-fold,threefold
three-pence,threepence
Three-pence,threepence
three-score,threescore
Three-score,threescore
thunder-cloud,thundercloud
Thunder-cloud,thundercloud
thunder-storm,thunderstorm
Thunder-storm,thunderstorm
thunder-storms,thunderstorms
Thunder-storms,thunderstorms
thur-low,thurlow
Thur-low,thurlow
thur-tell,thurtell
Thur-tell,thurtell
thy-self,thyself
Thy-self,thyself
tile-beard,tilebeard
Tile-beard,tilebeard
time-piece,timepiece
Time-piece,timepiece
time-serving,timeserving
Time-serving,timeserving
tinder-box,tinderbox
Tinder-box,tinderbox
tip-toe,tiptoe
Tip-toe,tiptoe
tip-top,tiptop
Tip-top,tiptop
titlepage,title-page
Titlepage,title-page
tln-ee,tlnee
Tln-ee,tlnee
tlu-ee,tluee
Tlu-ee,tluee
to-day,today
To-day,today
to-mor-row,tomorrow
To-mor-row,tomorrow
to-morow,tomorrow
To-morow,tomorrow
to-morrow,tomorrow
To-morrow,tomorrow
to-night,tonight
To-night,tonight
to-sorrow,to sorrow
To-sorrow,to sorrow
to-the,to the
To-the,to the
tog-ether,together
Tog-ether,together
toll-bar,tollbar
Toll-bar,tollbar
tomb-stone,tombstone
Tomb-stone,tombstone
tomb-stones,tombstones
Tomb-stones,tombstones
tomo-chichi,tomochichi
Tomo-chichi,tomochichi
tomorow,tomorrow
Tomorow,tomorrow
tooth-ach,toothache
Tooth-ach,toothache
tooth-ache,toothache
Tooth-ache,toothache
tooth-ake,toothache
Tooth-ake,toothache
toothach,toothache
Toothach,toothache
toothake,toothache
Toothake,toothache
top-gallant,topgallant
Top-gallant,topgallant
top-mast,topmast
Top-mast,topmast
top-masts,topmasts
Top-masts,topmasts
top-sail,topsail
Top-sail,topsail
top-sails,topsails
Top-sails,topsails
torch-bearer,torchbearer
Torch-bearer,torchbearer
torch-light,torchlight
Torch-light,torchlight
tortoise-shell,tortoiseshell
Tortoise-shell,tortoiseshell
touch-hole,touchhole
Touch-hole,touchhole
tower-hill,towerhill
Tower-hill,towerhill
town-hall,townhall
Town-hall,townhall
town-house,townhouse
Town-house,townhouse
town's-people,townspeople
Town's-people,townspeople
town'speople,townspeople
Town'speople,townspeople
towns-people,townspeople
Towns-people,townspeople
trades-people,tradespeople
Trades-people,tradespeople
tragi-comedy,tragicomedy
Tragi-comedy,tragicomedy
trans-atlantic,transatlantic
Trans-atlantic,transatlantic
trap-door,trapdoor
Trap-door,trapdoor
tread-mill,treadmill
Tread-mill,treadmill
treatymaking,treaty-making
Treatymaking,treaty-making
trimbuk-jee,trimbukjee
Trimbuk-jee,trimbukjee
trou-bridge,troubridge
Trou-bridge,troubridge
true-born,trueborn
True-born,trueborn
true-hearted,truehearted
True-hearted,truehearted
trust-worthy,trustworthy
Trust-worthy,trustworthy
tumble-down,tumbledown
Tumble-down,tumbledown
turnup,turn-up
Turnup,turn-up
turtle-dove,turtledove
Turtle-dove,turtledove
twelve-month,twelvemonth
Twelve-month,twelvemonth
twentyeight,twenty-eight
Twentyeight,twenty-eight
twentyeighth,twenty-eighth
Twentyeighth,twenty-eighth
twentyfifth,twenty-fifth
Twentyfifth,twenty-fifth
twentyfirst,twenty-first
Twentyfirst,twenty-first
twentyfive,twenty-five
Twentyfive,twenty-five
twentyfour,twenty-four
Twentyfour,twenty-four
twentyfourth,twenty-fourth
Twentyfourth,twenty-fourth
twentynine,twenty-nine
Twentynine,twenty-nine
twentyninth,twenty-ninth
Twentyninth,twenty-ninth
twentyone,twenty-one
Twentyone,twenty-one
twentysecond,twenty-second
Twentysecond,twenty-second
twentyseven,twenty-seven
Twentyseven,twenty-seven
twentyseventh,twenty-seventh
Twentyseventh,twenty-seventh
twentysix,twenty-six
Twentysix,twenty-six
twentysixth,twenty-sixth
Twentysixth,twenty-sixth
twentythird,twenty-third
Twentythird,twenty-third
twentythree,twenty-three
Twentythree,twenty-three
twentytwo,twenty-two
Twentytwo,twenty-two
two-fold,twofold
Two-fold,twofold
two-pence,twopence
Two-pence,twopence
two-penny,twopenny
Two-penny,twopenny
un-the,un the
Un-the,un the
under-current,undercurrent
Under-current,undercurrent
under-graduate,undergraduate
Under-graduate,undergraduate
under-graduates,undergraduates
Under-graduates,undergraduates
under-ground,underground
Under-ground,underground
under-lip,underlip
Under-lip,underlip
under-rated,underrated
Under-rated,underrated
under-secretary,undersecretary
Under-secretary,undersecretary
under-sheriff,undersheriff
Under-sheriff,undersheriff
under-tone,undertone
Under-tone,undertone
under-valued,undervalued
unhop'd-for,unhoped-for
Unhop'd-for,unhoped-for
unhop'dfor,unhoped-for
Unhop'dfor,unhoped-for
unhopedfor,unhoped-for
Unhopedfor,unhoped-for
unionjack,union-jack
Unionjack,union-jack
unlook'd-for,unlooked-for
Unlook'd-for,unlooked-for
unlook'dfor,unlooked-for
Unlook'dfor,unlooked-for
unlookedfor,unlooked-for
Unlookedfor,unlooked-for
unlookt-for,unlooked-for
Unlookt-for,unlooked-for
unlooktfor,unlooked-for
Unlooktfor,unlooked-for
up-hill,uphill
Up-hill,uphill
up-stairs,upstairs
Up-stairs,upstairs
vain-glorious,vainglorious
Vain-glorious,vainglorious
vain-glory,vainglory
Vain-glory,vainglory
Val-notre-dame,Val-Notre-Dame
van-guard,vanguard
Van-guard,vanguard
vaux-hall,vauxhall
Vaux-hall,vauxhall
vei-y,very
Vei-y,very
veiy,very
Veiy,very
vicargeneral,vicar-general
Vicargeneral,vicar-general
vice-regal,viceregal
Vice-regal,viceregal
vice-royalty,viceroyalty
Vice-royalty,viceroyalty
viceadmiral,vice-admiral
Viceadmiral,vice-admiral
vicechancellor,vice-chancellor
Vicechancellor,vice-chancellor
viceconsul,vice-consul
Viceconsul,vice-consul
vicepresident,vice-president
Vicepresident,vice-president
vlakho-ianni,vlakhoianni
Vlakho-ianni,vlakhoianni
vvater-side,waterside
Vvater-side,waterside
vvaterside,waterside
Vvaterside,waterside
vvest-indies,west-indies
Vvest-indies,west-indies
vvestindies,west-indies
Vvestindies,west-indies
w-as,was
W-as,was
w-ere,were
W-ere,were
wa-s,was
Wa-s,was
war-horse,warhorse
War-horse,warhorse
war-ship,warship
War-ship,warship
War-Ship,warship
War-ships,warships
War-Ships,warships
ward-motes,wardmotes
Ward-motes,wardmotes
warm-hearted,warmhearted
Warm-hearted,warmhearted
warmblooded,warm-blooded
Warmblooded,warm-blooded
wash-house,washhouse
Wash-house,washhouse
washing-ton,washington
Washing-ton,washington
watch-dog,watchdog
Watch-dog,watchdog
watch-tow'r,watchtower
Watch-tow'r,watchtower
watch-tower,watchtower
Watch-tower,watchtower
watch-word,watchword
Watch-word,watchword
Watch-Word,watchword
watchhouse,watch-house
Watchhouse,watch-house
watchtow'r,watchtower
Watchtow'r,watchtower
water-colors,watercolours
Water-colors,watercolours
water-colour,watercolour
Water-colour,watercolour
water-colours,watercolours
Water-colours,watercolours
water-course,watercourse
Water-course,watercourse
water-courses,watercourses
Water-courses,watercourses
water-cresses,watercresses
Water-cresses,watercresses
water-fall,waterfall
Water-fall,waterfall
water-falls,waterfalls
Water-falls,waterfalls
water-fowl,waterfowl
Water-fowl,waterfowl
water-gate,watergate
Water-gate,watergate
water-house,waterhouse
Water-house,waterhouse
water-logged,waterlogged
Water-logged,waterlogged
water-mark,watermark
Water-mark,watermark
water-proof,waterproof
Water-proof,waterproof
water-side,waterside
Water-side,waterside
water-spout,waterspout
Water-spout,waterspout
water-tight,watertight
Water-tight,watertight
water-works,waterworks
Water-works,waterworks
water-worn,waterworn
Water-worn,waterworn
watercolors,watercolours
Watercolors,watercolours
wateringplace,watering-place
Wateringplace,watering-place
waterpower,water-power
Waterpower,water-power
waterpowered,water-powered
Waterpowered,water-powered
wax-work,waxwork
Wax-work,waxwork
way-faring,wayfaring
Way-faring,wayfaring
way-laid,waylaid
Way-laid,waylaid
way-lay,waylay
Way-lay,waylay
way-laying,waylaying
Way-laying,waylaying
way-side,wayside
Way-side,wayside
way-worn,wayworn
Way-worn,wayworn
weather-beaten,weatherbeaten
Weather-beaten,weatherbeaten
weather-cock,weathercock
Weather-cock,weathercock
web-footed,webfooted
Web-footed,webfooted
week-day,weekday
Week-day,weekday
week-days,weekdays
Week-days,weekdays
well-born,wellborn
Well-born,wellborn
well-wishers,wellwishers
Well-wishers,wellwishers
wellbeing,well-being
Wellbeing,well-being
wellbred,well-bred
Wellbred,well-bred
wellknown,well-known
Wellknown,well-known
wellmeaning,well-meaning
Wellmeaning,well-meaning
welltodo,well-to-do
Welltodo,well-to-do
westindia,west-india
Westindia,west-india
westindies,west-indies
Westindies,west-indies
whale-boat,whaleboat
Whale-boat,whaleboat
whale-bone,whalebone
Whale-bone,whalebone
Wind-mill,windmill